18,51.86294,581.27374,823.7678,1129.9868
19,35.191387,584.42633,153.50728,672.7969
33,30.823572,373.33127,409.07352,645.3006
62,64.553215,855.3641,638.0628,1278.3419
114,38.537884,586.0397,241.84105,738.29565
146,34.421047,245.22115,913.7698,858.3141
156,45.95164,795.4777,166.94284,885.22986
163,22.66247,315.98965,216.47148,459.0992
164,20.480139,188.25157,489.68436,515.98535
179,35.95602,485.92636,353.54657,720.0004
186,73.541145,870.3451,1015.9936,1546.021
215,51.04124,583.3812,792.2553,1110.3735
225,39.084576,704.7624,107.62456,755.0541
227,66.24171,814.42615,856.09686,1383.0563
247,38.422787,624.4279,183.1944,732.6888
275,43.996723,483.825,686.2901,940.8639
311,49.38145,600.7392,645.16205,1029.4807
399,52.09416,772.134,414.7971,1042.2255
421,55.854,927.9858,243.22624,1067.9971
432,54.63354,834.99524,310.81027,1027.6487
442,42.117153,676.0961,211.51863,802.90045
459,23.969622,329.94025,233.78789,484.67178
492,63.97685,1077.2944,266.75702,1228.4138
507,21.714785,162.55583,982.1407,820.21344
631,50.344234,533.9991,896.1409,1131.196
707,42.853985,814.50934,71.47269,836.0022
723,24.624578,136.91173,914.5076,752.00165
1003,39.930767,598.9826,294.24112,788.5112
1065,56.695217,853.4933,370.87527,1088.7352
1136,63.099392,784.9937,780.9884,1303.4238
1187,53.589916,615.80835,799.8951,1148.5236
1202,48.446056,744.8531,276.4254,915.9506
1216,49.646114,587.41736,704.61926,1056.0128
1263,62.723797,771.0827,760.77203,1276.3069
1279,27.621721,187.10368,829.4223,743.89746
1293,34.600193,512.1404,292.82657,703.93976
1306,29.396532,433.10776,258.64456,603.1854
1314,57.456554,641.4332,937.1351,1265.6792
1323,34.2413,333.89322,673.2999,783.1316
1364,41.149174,398.2981,861.54156,973.5363
1384,27.49756,417.18118,166.35678,521.2787
1406,49.2964,763.9291,274.48373,933.0742
1408,48.40539,581.5723,656.4846,1017.7467
1425,45.9557,800.6609,160.69746,885.69604
1476,40.24883,490.57568,523.2409,838.09045
1508,55.18501,817.7597,431.90945,1098.5216
1534,44.74419,507.83508,686.4311,964.6262
1542,55.215588,787.92993,517.3839,1130.1664
1565,44.077816,714.43304,213.91629,841.35474
1582,28.00081,412.90723,238.29185,569.06616
1620,36.78355,293.61484,941.6676,924.46533
1650,37.846996,598.4784,196.86253,717.6996
1729,45.702763,495.36716,752.69574,996.5033
1748,38.514217,477.41702,473.8424,791.9476
1892,34.337765,329.25247,692.8717,792.05664
2075,27.718458,187.91527,820.0705,738.4077
2081,21.576654,215.3188,408.16052,487.41852
2226,63.13908,956.3728,410.1877,1216.2849
2276,45.30502,802.7487,140.00278,872.8043
2288,30.249514,505.4888,130.04,579.8013
2381,34.80341,315.9184,826.08405,868.9777
2434,49.29405,750.7284,286.81857,929.20184
2440,42.785275,515.8048,584.6783,904.18024
2476,20.708574,134.18713,721.6075,618.8576
2513,31.531778,519.2858,144.75021,603.72156
2528,31.068796,376.81693,416.94766,653.8085
2644,41.23364,741.3272,115.90458,796.24
2669,42.651302,484.809,626.72455,902.1425
2724,33.8941,501.42673,296.15897,696.0032
2740,32.899006,274.47638,758.82166,782.02856
2766,42.671352,563.6407,444.2775,858.0225
2807,63.20448,1010.0191,318.20615,1201.2646
2869,28.259188,506.42575,51.971615,524.8058
2874,26.035513,148.06471,880.0069,739.8198
2949,60.46893,979.4684,289.93295,1151.3286
3028,37.52075,371.1222,732.0558,859.52344
3079,21.89879,361.85806,97.37688,418.10324
3110,47.521923,646.2889,466.3646,955.277
3232,26.174685,338.67184,287.91104,529.44775
3252,64.4775,842.3746,673.5678,1289.2059
3301,57.166393,1010.9989,181.54344,1103.0004
3357,38.39175,689.9179,82.64969,723.25653
3419,62.241833,802.1622,692.75507,1261.7141
3449,57.850536,757.11316,623.8083,1171.261
3665,56.043636,866.0319,316.06848,1061.2677
3747,51.665676,682.93823,528.85065,1033.2546
3769,34.791393,218.68422,989.27057,883.80615
3770,42.27052,633.4089,300.23624,826.0656
3864,28.241148,244.46962,688.02234,704.54285
3895,26.194254,187.01852,753.1928,692.5021
4033,39.966335,593.8849,337.05316,814.56165
4034,31.868547,473.88297,258.12732,642.0713
4063,55.76475,714.1015,636.5464,1136.9786
4099,56.40243,851.9363,394.1532,1104.1394
4192,56.909054,711.0377,698.2176,1175.0737
4195,77.75861,1164.2783,526.3824,1500.3477
4294,47.677654,457.7943,1020.49286,1139.4073
4396,50.145878,496.6167,973.81805,1146.0681
4462,70.30166,1105.4481,375.9623,1334.8953
4585,35.61275,365.08368,644.8764,794.94275
4592,42.01692,906.589,61.901733,918.21814
4593,35.69884,383.7076,615.65784,793.9127
4625,34.29054,626.9537,59.02903,646.23584
4673,29.86188,251.47316,656.9355,691.00745
4682,41.05627,796.5168,67.17223,815.61646
4693,49.65527,631.1302,577.7037,1014.8131
4724,35.886593,544.8248,224.66263,686.1583
4790,35.877247,343.44617,764.5976,854.2644
4997,80.87278,1360.0094,338.14813,1551.9626
5066,30.49595,700.6944,41.195145,705.9773
5100,29.471674,289.71744,585.1672,679.6915
5142,48.95686,617.8087,593.9899,1012.21173
5143,58.30026,640.31116,933.13666,1261.2255
5225,44.85198,543.66974,570.1761,922.49023
5236,43.666424,650.94794,332.43274,866.1714
5271,42.692654,390.58423,899.3415,991.87634
5314,41.774693,424.68817,782.35236,946.67834
5332,57.227398,653.01013,868.0174,1231.1555
5361,26.833841,249.37141,556.3721,620.8075
5380,26.208902,595.6486,36.12906,600.65216
5383,38.16908,634.7619,166.21536,730.24963
5461,35.239613,518.9153,294.3383,711.5624
5489,27.75316,223.09363,652.7651,659.9802
5496,53.74899,675.64575,630.497,1094.0319
5520,40.02711,422.37662,709.086,895.0049
5568,46.905163,707.12494,328.5706,917.396
5588,62.78529,803.5994,709.52057,1275.0343
5620,35.809536,653.4654,61.81426,673.7256
5681,33.58668,553.3588,151.34137,641.2854
5692,36.311825,566.878,198.47264,688.4918
5704,53.445797,639.13184,739.05194,1131.3164
5740,48.998104,869.0266,152.45369,945.4613
5747,32.98466,404.9547,428.84625,689.8356
5856,32.682133,269.9125,836.23456,828.9526
5913,22.62689,164.05997,604.1527,568.94385
5970,27.741938,357.15555,292.03384,550.68427
6109,75.66422,1137.542,536.4486,1481.9033
6163,39.690067,389.19162,782.8805,911.4209
6244,57.50999,858.6937,461.74057,1159.3618
6254,38.327007,614.7758,193.23073,730.5967
6516,45.862316,752.1226,213.1551,877.1719
6520,51.883778,512.64325,996.4007,1178.0796
6544,42.848614,653.822,251.4572,810.4327
6658,31.931986,383.4911,437.71585,674.2894
6668,59.08929,889.4805,422.97488,1161.1245
6770,82.28718,1275.0393,456.9925,1556.8376
6821,67.84312,1024.2607,455.32468,1314.2415
6822,47.842083,532.4697,785.3477,1054.9309
6853,34.96696,353.6277,665.70844,797.31946
7133,22.910837,177.38274,620.39655,593.1686
7279,36.26412,450.76498,435.73392,740.32935
7318,46.907314,701.1026,371.4337,942.6179
7384,60.416775,912.47723,367.39554,1143.0681
7418,35.02815,598.3186,135.67406,673.1111
7448,47.31422,519.8327,754.76105,1021.99744
7506,43.255245,992.9091,58.58461,1000.59
7581,28.22172,480.73486,110.858246,542.09656
7629,43.25575,759.68524,140.90027,831.98553
7683,33.3566,422.34012,396.75656,685.7086
7693,53.56326,573.64935,912.27,1181.8491
7778,57.33218,1007.0371,188.66849,1104.3285
7838,29.140871,289.25598,557.00146,660.76056
7856,19.897028,300.34824,139.72517,389.59708
7884,54.974453,699.87164,635.7483,1121.7926
7888,31.881548,262.087,763.40466,772.36633
7939,34.997173,519.9112,299.5341,716.36975
7989,48.772076,589.43115,643.49286,1016.79083
8065,76.02874,1118.1068,658.5949,1551.4092
8108,34.12505,288.71945,884.9078,881.60315
8126,35.82993,288.9454,916.9721,902.897
8182,54.563885,712.84247,589.30414,1103.6957
8189,82.358284,1476.8165,164.13506,1539.686
8199,28.268518,370.3762,299.66824,568.91565
8200,31.382265,266.12454,754.4266,770.9629
8204,22.30868,332.82648,165.90033,439.75748
8280,46.56735,439.6753,929.637,1058.804
8319,43.027058,547.9587,497.22797,877.93835
8358,20.691767,389.33707,34.885246,399.9426
8446,42.400204,482.46216,660.00165,921.68933
8465,32.560337,416.75928,375.21286,665.6816
8490,43.857983,494.3044,669.7887,940.35754
8516,30.270472,420.46344,292.32028,614.0062
8562,36.61468,367.7097,693.2404,829.958
8578,50.689068,918.49554,126.8011,974.56824
8610,34.106792,469.04935,332.09402,688.96375
8647,54.287655,673.4778,680.1335,1125.2556
8761,45.33772,903.48315,72.40235,922.55273
8799,59.12541,895.8549,392.79642,1145.507
8841,44.507656,580.7414,458.09647,884.3895
8937,35.350323,609.70807,129.66603,679.7053
8948,39.89375,352.23502,927.6757,971.84827
8950,35.60571,268.6259,907.44025,876.2356
8955,39.862514,684.20294,149.19667,765.475
9098,26.725542,229.42445,673.93964,680.50836
9216,35.672405,791.60284,50.678787,799.69666
9306,33.919697,509.60562,233.95598,659.0156
9444,47.023617,744.0202,243.16174,891.2013
9489,53.846554,708.50336,572.691,1088.9308
9539,57.793194,876.49084,380.63412,1118.0625
9606,40.176434,601.77167,307.63702,800.94946
9628,39.78242,634.0435,203.06746,756.3601
9762,61.6441,1114.9855,168.0348,1193.0952
9842,38.13625,405.3767,664.6162,849.04956
9893,27.426477,530.5878,45.07866,543.4309
9951,32.450138,243.19402,895.75507,844.01135
10052,51.427166,551.1598,878.8066,1137.4417
10195,29.142328,498.3643,111.76709,559.70734
10280,65.65751,960.17303,598.8332,1355.7993
10339,22.556345,137.5237,699.5341,607.65656
10532,53.502254,563.0207,946.9982,1194.6296
10634,33.85738,384.43085,495.68097,714.6356
10712,41.59142,405.28568,848.9483,972.4495
10723,57.17883,641.30646,919.47943,1253.5277
10820,29.085321,657.8763,40.507706,663.7406
10864,61.432674,922.1943,460.99954,1220.0352
10913,33.431248,566.95844,134.3145,641.9647
10983,54.53877,838.66284,306.1991,1027.8682
11147,43.14024,396.92435,970.1339,1044.9708
11211,34.55525,256.7441,979.43085,913.7118
11275,29.268923,332.09335,433.70383,620.874
11365,38.582897,441.14438,583.75824,828.99585
11380,54.28184,797.2009,468.94858,1105.6462
11410,52.87457,641.5847,698.5695,1105.7609
11463,50.22813,740.8918,428.68323,1022.1573
11468,22.548388,343.16464,131.02394,424.5131
11612,70.881966,1056.1547,543.76,1408.6971
11735,41.378628,751.93475,71.682045,775.70703
11736,49.328213,652.63385,508.84427,990.19415
11913,29.04838,191.7349,891.2166,790.3601
12249,55.57861,631.4173,849.4582,1196.9083
12275,20.473162,318.40533,113.075005,387.65347
12283,36.68143,358.4392,722.7424,840.70416
12300,64.77477,778.97906,884.2037,1367.0007
12448,48.36839,507.70267,862.6097,1082.8274
12504,76.417885,1046.999,736.6202,1535.2512
12545,38.94894,645.69025,172.89238,745.61523
12559,40.138027,691.0317,148.24826,771.3367
12662,41.629177,612.68494,374.18436,859.53784
12851,50.5079,777.0052,287.4056,954.86694
13115,53.83508,545.38354,1003.9276,1215.1737
13156,28.341005,335.61276,400.22247,601.7833
13162,64.38009,804.2216,794.64386,1332.2407
13288,32.259342,494.71796,184.72093,609.06775
13369,63.971676,974.9345,367.069,1202.8406
13413,31.472162,394.28027,387.072,651.21454
13457,64.39771,970.8058,432.13864,1246.0752
13515,37.199368,301.4708,955.6131,941.74756
13593,31.558077,318.66458,590.8923,712.4081
13610,81.42152,1038.2533,911.1933,1642.8386
13720,60.73454,796.4487,642.00366,1222.4219
13751,25.175966,240.99475,519.33746,587.6659
13884,42.77522,547.21246,497.04483,877.20166
13921,56.013134,785.0998,534.8985,1139.1376
14033,24.828302,367.59714,218.86937,511.5483
14077,29.011461,208.65144,870.3756,792.5474
14152,41.371487,509.87076,497.73868,840.1738
14178,46.837933,763.88727,220.40573,893.76
14254,53.996685,864.12836,270.18585,1026.1034
14310,62.757687,946.1936,432.89987,1222.8103
14376,46.211987,787.1256,181.67883,887.9079
14459,39.63979,450.6215,592.841,845.12805
14564,40.727962,618.0291,263.11774,784.41077
14821,21.806875,179.41269,570.5845,561.58923
14844,49.998837,604.36786,661.79755,1043.5673
15156,75.410225,1309.3143,265.65982,1450.7527
15169,44.37968,422.9199,877.1066,1008.23944
15170,37.119793,549.84766,321.60904,761.0008
15290,48.325695,871.44226,85.27244,900.558
15382,29.066698,274.05533,647.00635,706.20197
15391,38.70354,437.59067,607.10767,841.7237
15418,54.04765,706.4461,565.0192,1081.1471
15455,61.510494,678.2236,1018.5091,1356.8875
15569,45.00111,1027.298,61.553875,1035.7483
15596,60.008907,891.1484,490.83597,1211.6757
15677,49.94662,783.9356,268.48563,947.7837
15685,65.730354,782.3498,872.2706,1362.8987
15732,47.867794,604.06836,563.8089,978.18756
15749,41.538006,456.99106,695.73883,919.8114
15774,44.741665,668.85114,341.59763,890.01044
15874,39.159863,567.12775,364.28055,807.97046
15912,33.233562,655.1247,53.65842,669.671
16002,48.30109,503.67984,870.7192,1084.5159
16036,43.24835,844.2804,70.353195,863.8884
16038,38.98898,503.00644,440.9814,795.53125
16278,31.451311,318.15823,579.2661,704.578
16288,30.545885,274.72772,804.43274,810.47754
16335,19.119745,104.29281,908.127,715.37146
16449,50.227932,751.6309,382.9012,999.4678
16465,29.752298,244.29637,775.1595,763.7488
16477,31.044535,412.24197,307.31137,615.7557
16510,36.477055,540.48285,306.5659,741.16113
16543,49.09628,625.4449,571.84485,1004.797
16612,24.546072,128.701,828.8702,686.99036
16625,72.919426,1147.3822,382.3571,1379.6732
16688,54.707394,649.7834,760.54736,1155.2532
16857,37.461864,674.81964,66.04214,697.3098
16996,11.018416,75.31498,616.5877,488.74994
17064,33.99995,606.51135,102.020454,656.55945
17130,42.171597,734.8306,146.30441,812.0338
17171,41.48917,358.1825,1044.979,1058.1367
17202,42.936977,684.64526,220.27531,817.40405
17239,46.067913,608.1087,482.15152,928.1682
17383,55.43397,955.68195,202.1385,1064.8209
17436,64.44207,1070.1179,284.16034,1234.3105
17462,42.4892,457.011,730.39777,943.77423
17528,42.159527,615.9468,382.08075,868.3268
17550,61.72378,798.9108,652.849,1232.2969
17578,42.837124,705.20233,195.5515,819.2064
17635,76.974525,1161.9307,538.8813,1507.0056
17640,49.93359,743.9399,382.32852,991.7049
17671,63.390255,949.56616,491.18042,1268.192
17717,23.25921,228.96288,458.62173,534.6555
17723,25.018816,504.9155,39.417953,514.6606
17735,53.570538,859.75604,268.49155,1020.63586
17858,49.025204,556.75336,761.82336,1063.4812
17861,48.04314,504.59164,871.53467,1085.2458
18101,60.020733,743.3615,764.60236,1251.5781
18175,54.001644,948.12384,182.3157,1043.0491
18191,62.72053,1373.4662,90.53762,1389.0552
18410,43.695705,681.6463,239.69228,828.69727
18454,59.681118,996.4306,256.13336,1143.0477
18470,38.443584,306.07516,1013.1158,985.2472
18505,32.86677,584.76044,99.14172,633.5888
18535,57.646603,722.83093,709.07837,1193.7686
18573,45.979565,694.3276,290.63928,877.60004
18588,25.672098,234.00465,563.41626,609.9343
18590,46.156857,943.9982,71.85159,961.2894
18593,42.02409,636.16766,253.84103,795.0972
18645,44.278378,666.74805,308.48862,864.11584
18662,33.304295,493.21933,293.54288,686.2569
18682,64.34475,1090.4602,255.429,1233.1443
18723,50.43899,901.2485,148.55865,973.6267
18735,17.269629,104.887505,970.17584,756.46484
18781,54.45744,857.3619,285.861,1030.8994
18822,59.495983,723.764,788.91754,1248.4957
18847,25.603365,226.33946,575.8915,611.47107
18998,41.985744,811.06305,69.06204,830.9946
19070,78.241646,1161.9869,660.6684,1595.0354
19160,35.698635,369.13107,653.88983,805.3299
19192,26.617586,287.83337,454.3077,590.1134
19197,38.707996,497.08713,429.42188,782.01184
19204,36.05911,344.139,759.7999,851.3048
19221,61.01486,920.3089,428.48795,1194.7759
19253,74.69669,1246.1198,324.0401,1432.3641
19263,39.701504,590.2843,324.87375,802.2515
19276,37.62814,570.4406,246.98164,727.0211
19413,26.480227,400.7122,179.7147,515.03455
19414,59.583263,743.2421,731.5444,1229.7434
19461,31.44378,208.7531,958.5873,852.58496
19469,48.4275,717.94,425.17285,997.7196
19548,58.97633,862.70074,504.2424,1194.0518
19608,32.7094,328.8406,619.22784,741.8993
19632,67.53155,762.0352,1077.6223,1479.4637
19642,38.901943,587.86115,260.28836,753.2746
19649,42.07031,852.47516,66.12536,868.9236
19707,37.72929,577.8666,216.71367,712.32935
19808,58.54585,651.07117,932.523,1271.8423
19910,62.54881,940.64923,431.08,1216.073
19985,40.813,726.92285,123.08399,787.58777
19999,47.685207,612.18945,547.37115,974.98315
20021,44.358135,567.1806,512.17346,907.02905
20159,52.9671,617.4665,761.50055,1124.2751
20248,38.52287,625.5883,184.58553,734.76074
20310,50.079098,832.6337,217.91196,957.9592
20312,38.921215,467.57928,511.59543,807.77344
20324,33.785053,397.7592,481.361,718.1677
20434,55.394787,916.82416,247.45074,1060.3635
20465,45.39723,615.7291,446.58603,911.7275
20552,49.957455,700.7441,475.32278,1015.43555
20605,38.425655,692.45386,86.65452,728.45593
20615,49.157406,611.52985,604.12213,1013.0562
20618,63.773357,991.2743,354.10092,1209.2158
20624,23.368086,172.31718,694.0899,637.4729
20791,80.95002,1352.9144,347.25778,1551.8575
20798,72.54424,1102.4937,458.87125,1392.1304
20836,62.451687,983.3171,332.55438,1186.0776
20871,57.96078,762.51996,618.05634,1172.3679
21011,32.55373,420.06042,361.0416,659.59125
21099,71.6453,1170.6094,338.58994,1370.3474
21153,33.14075,312.98602,699.82574,779.5377
21169,32.571636,481.6982,285.04633,668.99854
21382,27.5263,194.0493,812.029,739.02905
21446,10.858241,75.39333,801.2556,612.50006
21454,38.40687,286.03616,1021.4741,970.901
21540,63.479275,757.42755,884.90936,1346.3079
21545,46.69875,494.81042,798.59344,1026.4532
21579,68.1934,1212.8396,206.67377,1315.2822
21593,54.426662,825.38165,356.6135,1051.4817
21618,40.454006,684.1324,164.41423,776.4318
21621,50.403484,734.55383,466.74216,1043.1633
21720,33.349567,570.335,127.07961,639.9961
21769,48.150784,548.3774,757.6971,1052.872
21818,51.430264,882.6076,195.04549,989.3907
21830,38.74409,680.03937,129.50804,747.1421
21927,41.364704,398.9126,819.49066,945.9752
21960,50.62469,599.8264,705.7955,1069.0359
21977,21.484957,390.37756,55.71634,415.2531
22053,27.685892,195.88307,789.4859,725.67523
22103,76.25146,1159.6719,471.23825,1456.1138
22107,34.361256,517.5478,248.55843,677.16394
22118,45.06583,459.21558,822.9137,1008.47034
22168,33.093807,328.92996,639.69147,755.28314
22206,59.816936,755.58685,714.1497,1229.8822
22378,59.66647,705.43866,817.82294,1249.419
22412,62.541515,849.00934,607.31976,1251.4581
22572,58.784313,1010.206,220.21521,1130.348
22599,79.56388,1207.308,493.51736,1518.0157
22657,53.074856,560.8439,941.1329,1188.8502
22679,37.34229,360.96127,775.0215,878.51807
22681,30.57229,303.6428,568.2289,682.79083
22771,32.077236,261.9832,784.8768,786.7118
22822,51.958645,770.9538,389.50064,1022.8467
22865,21.348204,131.81831,949.3083,769.55347
22886,80.382515,1324.203,362.652,1535.4165
22928,80.70139,1169.3683,749.61615,1665.1846
23003,26.374865,435.61566,118.6826,504.4097
23012,34.000866,388.24448,524.3475,737.38635
23018,65.06272,1105.485,256.948,1248.5931
23078,32.222546,403.30798,399.3245,668.3455
23164,28.621119,419.29025,259.22977,590.3304
23225,64.44822,1087.1066,265.20303,1236.8008
23237,46.668575,707.3901,281.2122,883.5147
23357,22.778685,247.87149,384.2581,503.53867
23358,54.23219,795.8181,490.28964,1119.679
23395,30.83571,191.15343,853.3016,764.615
23404,31.462564,232.59816,845.1636,799.59033
23444,32.547253,393.82852,434.83853,682.85815
23477,56.605984,977.3084,207.90898,1089.7346
23528,58.610043,867.40485,510.05353,1202.6974
23531,37.26768,364.31592,742.36176,859.7285
23731,21.956362,330.2029,158.23015,431.65707
23811,48.554104,517.4298,852.4301,1085.5553
23911,31.711092,431.02017,306.64288,633.9437
24081,57.471874,932.60455,276.585,1096.6174
24143,54.979504,717.78345,575.0886,1099.4108
24173,39.88435,455.0997,614.02875,863.6889
24247,40.476665,397.73517,795.97424,928.5515
24260,46.113506,805.2938,159.17567,889.02905
24266,49.70225,767.77423,277.28583,938.63403
24267,34.760174,618.3186,106.47949,671.14215
24349,48.864254,728.5826,358.71353,959.81067
24505,61.906017,766.5654,762.96454,1273.2888
24532,23.88737,352.41714,216.26778,494.92758
24538,75.42545,1530.3856,118.188675,1559.6836
24552,29.307756,327.52048,465.3543,637.12415
24587,42.255413,663.46533,225.39592,800.8063
24633,70.6464,886.14264,859.44824,1457.1338
24639,42.92747,636.624,349.06598,864.38403
24672,51.14381,597.09576,744.2314,1092.874
24861,43.60055,480.9918,716.07306,958.2693
24873,45.465992,480.89722,796.04865,1012.0587
24880,49.41328,745.7873,340.9044,963.47546
24919,44.447124,660.9871,350.23642,888.7227
24928,46.862774,843.1878,99.9504,883.22217
25034,46.57976,514.4326,773.9108,1029.3091
25046,37.857693,672.6812,117.11305,731.07544
25083,39.06415,446.96707,594.706,842.8313
25130,43.84225,664.63434,281.27478,842.3518
25296,31.441187,286.7122,702.2172,755.5681
25331,19.19081,244.93425,221.00252,391.4479
25351,72.78298,1172.2177,358.68832,1386.5399
25405,23.886179,190.77223,628.45087,611.31714
25426,37.94018,364.9479,756.5849,870.1809
25430,28.490892,283.80405,558.3599,655.4617
25476,45.319317,804.67786,141.19641,875.4141
25482,29.150316,382.45795,293.73386,577.0227
25513,46.014965,760.16504,206.87677,880.292
25720,29.779741,439.6852,247.21541,601.2865
25739,44.99612,500.8299,722.97327,982.41187
25757,30.5712,225.6899,968.6668,874.50024
25856,60.199184,792.9096,628.2676,1209.5239
25875,33.52702,541.57855,163.0081,638.41583
25997,35.397655,527.3017,244.76622,683.88574
26008,37.909992,556.18024,344.80746,783.8921
26121,28.936724,335.95724,428.34662,620.64795
26192,23.541147,355.0591,161.24725,457.7769
26394,32.181583,400.8773,396.49664,663.8794
26427,45.016445,490.37003,756.8394,995.22754
26645,42.66019,446.6641,752.4854,947.36993
26896,61.01794,703.5214,912.2565,1311.0184
26923,61.54379,751.04156,812.90643,1291.6072
26948,35.524357,445.35162,441.00098,737.8546
27003,44.093304,589.37225,438.62534,880.1876
27029,48.678997,559.52466,737.9139,1050.2955
27094,59.34698,808.3593,572.1983,1187.2483
27172,42.009655,879.19244,63.850685,893.12244
27193,48.639324,582.06464,657.31525,1019.54553
27230,25.808054,99.83915,997.2763,772.60657
27242,55.17947,765.0429,525.3922,1112.9989
27338,70.72994,910.3995,781.51904,1429.2213
27347,36.62234,655.47943,74.98421,684.70575
27402,54.51141,691.4122,627.9825,1108.2163
27602,32.117733,359.70786,503.97165,695.2976
27608,49.119762,870.36005,154.22043,948.002
27665,27.773706,370.47205,272.65152,550.96326
27685,15.973102,71.28473,959.86017,717.5382
27742,27.104082,243.18433,600.1826,643.47107
27833,38.736294,346.53253,888.59186,939.7791
27918,27.196146,197.33498,770.7571,714.4352
27957,48.509914,647.36725,492.19232,973.3355
27986,40.723507,623.1313,235.49147,769.37854
28007,37.619762,557.4526,321.51688,768.40515
28010,51.4499,934.6475,134.45677,995.4635
28072,44.046627,852.71747,72.30622,873.4791
28128,74.72764,977.957,801.4885,1510.1978
28153,24.422327,258.705,428.67233,544.0777
28171,36.006374,470.55508,385.99362,726.7688
28177,76.62481,1147.1821,551.1138,1501.7009
28208,27.510225,346.63553,331.8919,567.01685
28239,62.727734,887.0457,593.4361,1279.7095
28275,42.1012,408.82785,866.8227,987.67706
28416,47.03001,517.1712,775.48944,1034.252
28493,36.35068,428.40027,518.72174,773.37354
28516,23.535753,162.29582,740.96765,659.6444
28577,46.043575,674.48016,418.1739,950.7325
28619,56.8701,749.8087,596.75415,1145.8315
28694,35.074,382.1784,585.5809,772.1909
28770,69.83347,901.2961,784.674,1422.5878
28809,63.651684,823.05035,713.4427,1296.9275
28850,29.8977,356.93893,424.6868,638.8461
28946,41.39626,364.26358,1000.8754,1034.2257
29009,25.042929,177.41922,755.9089,684.4387
29084,26.666613,398.9727,198.21486,526.7202
29098,56.836422,854.7271,415.8195,1122.4419
29169,57.236584,753.71295,601.5412,1152.9526
29271,41.973034,600.8719,391.1055,859.3489
29284,59.74641,1369.659,81.14611,1380.5295
29285,50.377575,904.9317,111.68478,951.06104
29298,30.190722,404.2936,304.81473,606.31055
29476,66.20338,995.1496,444.62698,1278.5469
29504,58.893368,828.38324,564.95856,1202.6157
29674,43.757626,682.34186,237.66922,827.8678
29675,39.144474,550.11584,371.86295,796.14624
29743,43.017574,523.7181,570.46075,903.09546
29774,28.93696,487.2169,119.506966,554.59607
29814,40.388454,521.4002,442.11542,814.6568
29822,37.293324,376.6014,681.9113,831.65857
29828,62.084164,1128.0648,161.4981,1200.9783
29961,30.719217,464.06882,191.94974,584.90173
29976,25.617548,387.43655,153.49197,483.29764
30098,58.935345,898.87384,346.6942,1115.0753
30300,48.78436,481.1296,965.2017,1125.3529
30482,62.282864,793.7644,719.9145,1271.9697
30498,29.376291,434.33868,226.15674,580.9165
30500,23.147188,349.93887,155.45415,448.6058
30503,27.069963,267.32883,518.6412,613.28906
30546,70.997246,1127.1165,369.07755,1350.6553
30633,87.32157,1314.3033,600.11694,1697.7721
30679,38.52458,647.2525,160.60098,738.2691
30745,33.95313,474.07883,321.75504,686.96497
30777,72.64173,1208.2267,316.263,1390.2518
30883,50.78828,596.88324,723.41797,1078.6306
30907,37.234066,512.19763,359.92142,750.2827
30913,46.15672,701.7348,291.99658,885.8613
30935,41.603436,457.90973,689.2807,916.9507
31011,54.773113,655.34985,748.6971,1152.9431
31040,42.608303,750.778,137.49791,820.96027
31194,49.571423,591.1023,692.3708,1051.8802
31294,55.700375,894.7256,278.82916,1061.8528
31313,34.26868,425.97986,425.42987,708.6488
31363,21.298613,275.1974,238.24055,433.11765
31420,52.287045,724.1064,499.05283,1054.5594
31435,64.769615,1075.3414,285.31503,1240.178
31453,45.08946,735.97687,211.89003,860.7277
31479,47.574696,548.6206,706.92584,1019.443
31746,64.54269,778.48694,866.40405,1354.7997
31791,53.546062,681.50726,638.6288,1105.2523
31794,49.579304,506.36212,919.8376,1119.4594
31808,31.166319,222.5644,846.12775,790.1749
31954,62.35467,737.00116,892.3887,1330.0999
32082,28.660028,411.5809,268.08188,588.7107
32086,26.267183,441.2474,109.05769,502.89236
32102,46.366528,649.46173,440.43204,940.7889
32171,39.397694,392.12225,777.275,909.74646
32282,35.742,623.8704,122.96232,688.4282
32323,48.891384,741.9294,321.0842,945.46875
32394,45.430332,569.0148,546.5952,932.05524
32525,59.368816,888.28107,468.9463,1193.1002
32588,46.619457,542.18195,696.3688,1005.4177
32636,46.88148,716.6318,271.09058,885.0746
32736,31.3715,376.81598,412.7688,651.18567
32812,72.87092,1387.9152,121.11735,1424.2795
32920,63.644405,1041.4421,296.91663,1216.043
32958,48.744137,732.3914,352.8182,959.2706
33016,43.925526,564.8553,492.73892,892.1515
33086,62.871075,931.75775,537.01227,1284.0662
33138,43.560688,422.92465,918.09467,1036.276
33144,48.174297,816.5938,193.93913,925.16296
33300,45.093708,390.24582,1101.7021,1126.8782
33435,32.387333,232.78456,896.32806,834.2445
33560,46.898556,845.78107,106.51028,890.27264
33605,43.909893,505.64624,674.14325,953.7943
33736,50.0574,830.58124,222.10133,959.0409
33746,53.76901,784.14453,496.6072,1112.4099
33868,25.736292,260.82227,480.75204,580.98535
33873,64.734825,811.4639,790.5136,1336.6122
33972,46.728657,528.91754,702.0288,996.30676
33980,42.6602,715.653,180.84132,818.6227
34000,49.27821,886.3071,113.028656,934.00287
34085,48.01341,609.5075,578.2685,993.07654
34122,29.238161,282.11188,609.47644,688.4136
34143,46.696377,595.9343,537.2313,952.4508
34284,55.211544,648.4883,786.8736,1172.0957
34340,50.43745,660.6329,502.50772,993.87683
34455,30.567583,349.05524,473.45895,664.1367
34465,32.06428,309.61826,673.47723,759.2852
34471,55.342175,716.77716,607.1129,1119.7314
34483,80.64808,1203.1777,639.06537,1619.1395
34652,69.04899,903.0621,749.4715,1400.759
34655,76.26127,1314.0762,282.4272,1467.4358
34796,28.1524,422.12827,202.36488,552.0185
34804,40.980724,622.78766,258.30487,785.4458
34958,21.919939,170.76451,689.5819,631.953
35020,22.36521,180.13289,600.03534,582.3057
35021,26.20962,433.3373,118.74529,502.2313
35110,76.39913,1066.3218,734.3359,1553.1958
35118,49.127056,653.16986,493.21567,980.04694
35128,27.085787,463.78867,103.558586,520.5012
35227,57.636333,677.41113,806.1376,1214.1162
35307,26.460955,327.92004,328.4271,546.2913
35512,56.219326,956.7681,218.24654,1077.639
35514,27.044374,461.94138,104.204124,519.2118
35544,40.214046,573.73334,377.08267,823.0404
35660,25.131357,245.29613,494.46436,575.12585
35682,64.9166,1479.7734,89.0055,1492.2676
35685,27.999403,194.08638,924.56,814.22644
35695,37.996204,461.81256,494.17178,789.9253
35966,54.14654,549.25616,1006.0689,1220.7639
35973,50.30119,907.9104,139.20836,973.1636
35978,47.7113,667.48676,446.3602,962.7379
