34804,42.691797733306885,631.4805564880371,250.75577354431152,779.0132751464844
5704,56.510944843292236,643.2674522399902,733.3741455078125,1146.743667602539
32082,31.424192190170288,412.08949279785156,273.31819915771484,584.7812919616699
25757,36.451074838638306,230.04401016235352,953.9585189819336,897.1427841186523
18505,35.145313024520874,588.0446434020996,98.95407485961914,633.6596641540527
7318,50.40616512298584,700.8027038574219,377.5434150695801,940.5307846069336
4673,32.42666244506836,263.13173484802246,654.5403747558594,705.9444961547852
21769,49.776705741882324,542.7233963012695,720.3456649780273,1034.2690963745117
9489,55.505699157714844,703.5311660766602,583.4628868103027,1097.3570556640625
24538,65.80140209197998,1543.9948425292969,112.93901062011719,1606.8701171875
7384,56.307677268981934,900.7313537597656,357.45622634887695,1134.077377319336
24633,66.78982162475586,871.4635391235352,865.296875,1488.8991394042969
25034,48.7816047668457,529.0229949951172,732.7928924560547,1029.8544540405273
17723,27.365585803985596,504.04100799560547,45.840083837509155,519.8553085327148
13593,34.32419228553772,318.0991516113281,598.6221618652344,719.6259002685547
1565,45.714354515075684,723.8348693847656,212.2385196685791,842.3965225219727
20434,54.22887706756592,910.4962158203125,255.80293464660645,1065.3118438720703
16335,28.294774651527405,87.20820188522339,895.489860534668,706.6376266479492
15874,42.212247371673584,570.7375373840332,370.521671295166,805.4005584716797
723,30.860868334770203,130.71898365020752,908.6255264282227,760.5563888549805
32102,49.3415904045105,664.2421722412109,418.0302085876465,933.2653884887695
20248,40.4504656791687,629.0390396118164,181.5464324951172,728.3714065551758
30546,63.98793697357178,1123.8340072631836,363.0256462097168,1366.6780853271484
22107,36.39921164512634,515.1670150756836,240.92987442016602,660.7182388305664
3449,58.209458351135254,765.7844161987305,616.2820205688477,1188.0478134155273
227,64.50535488128662,813.0813827514648,841.8435974121094,1408.6924285888672
5142,51.44261360168457,630.5437202453613,563.9243011474609,1006.8798141479492
7989,50.83907508850098,592.3066635131836,632.4602546691895,1019.0658569335938
18682,59.699249267578125,1084.1677856445312,257.56331634521484,1243.8837585449219
17528,44.75740718841553,616.9537124633789,377.19744873046875,856.0713195800781
29504,58.87119436264038,820.6773300170898,574.3846778869629,1215.0808181762695
31194,53.34903001785278,606.3138236999512,674.684440612793,1064.2003479003906
1476,41.27965593338013,498.86030197143555,500.1498794555664,829.1973495483398
19910,59.04571008682251,945.1157150268555,407.23334884643555,1218.3137817382812
2949,56.89811325073242,969.6772918701172,283.0353183746338,1146.995231628418
29298,33.05885434150696,414.7625846862793,311.26646614074707,613.5062599182129
35973,49.9313850402832,913.5443725585938,129.7839059829712,971.8523025512695
33435,35.121769189834595,212.17577934265137,906.4445571899414,842.411262512207
35978,50.4817008972168,674.5019226074219,432.9123764038086,954.8074951171875
27402,55.4985876083374,701.7612075805664,590.2995071411133,1100.587646484375
2528,33.752888917922974,373.9253273010254,414.75342178344727,644.62451171875
27608,50.04876518249512,872.3049468994141,157.83653354644775,950.5032501220703
8948,41.75683856010437,342.7602005004883,924.2250747680664,988.4363632202148
26008,41.39362168312073,560.2802391052246,345.4079895019531,777.0343475341797
19197,39.80804991722107,490.0145492553711,432.35778427124023,770.0094375610352
19985,42.671043395996094,724.8298263549805,128.35016345977783,783.7338104248047
34340,51.374289989471436,671.2958526611328,469.5532875061035,978.4725952148438
32736,34.02313160896301,378.520694732666,414.0619201660156,648.4575119018555
10820,35.57208490371704,649.6230850219727,54.62588548660278,663.1645431518555
19253,65.89883327484131,1269.8077392578125,295.86066818237305,1464.2285461425781
21593,53.994431018829346,826.8378524780273,357.3706283569336,1056.466781616211
8065,70.13087511062622,1091.4094924926758,682.6477890014648,1582.322036743164
19632,67.33434391021729,761.9334945678711,1072.546501159668,1527.248794555664
1136,61.547510623931885,787.0422134399414,744.0861587524414,1307.0182495117188
9762,56.404576778411865,1110.2130889892578,160.36847400665283,1196.8890838623047
26645,43.07029628753662,431.6082458496094,762.8651962280273,957.3339157104492
28770,65.80203104019165,876.4618072509766,813.3248748779297,1455.1555633544922
24880,51.73940086364746,754.7129821777344,345.2118682861328,972.1259384155273
20615,51.26175546646118,609.5487785339355,600.0087585449219,1012.5873107910156
19707,38.92504358291626,573.775032043457,222.2137622833252,703.6296615600586
17436,59.81077003479004,1070.134132385254,274.92520904541016,1242.9919891357422
20624,29.114763498306274,172.8636703491211,715.7136993408203,660.9538917541504
18847,29.464934587478638,219.4985408782959,602.5207786560059,625.7520904541016
23811,52.49594449996948,542.9504776000977,805.2322463989258,1096.9902954101562
5692,37.789974212646484,564.6307983398438,204.1121826171875,682.5309982299805
8126,37.93697547912598,283.2847499847412,904.0481796264648,913.5910186767578
31313,36.32357406616211,423.1893119812012,423.3795356750488,697.4853668212891
5066,37.108659982681274,692.3895721435547,55.31042242050171,703.7096862792969
27957,50.73304986953735,667.2643203735352,458.5154609680176,966.1492004394531
12283,38.84462642669678,371.04490661621094,698.2097320556641,848.2314147949219
507,34.73702430725098,178.08458709716797,984.8059921264648,866.6427841186523
28171,38.23530149459839,470.7237129211426,403.1094284057617,729.4992904663086
28239,61.10449552536011,879.6028518676758,594.9380989074707,1293.3836364746094
23018,60.076972007751465,1101.8358993530273,254.19719123840332,1259.3060150146484
4192,58.47718906402588,732.718505859375,676.5828704833984,1198.2796630859375
7884,56.25405836105347,717.9027252197266,594.3187675476074,1120.5374755859375
27742,30.10915493965149,229.75300788879395,630.6516380310059,655.7831268310547
2869,27.814260005950928,504.8548469543457,53.192044734954834,525.3714256286621
10913,35.36898875236511,568.9152374267578,131.5266876220703,637.3996887207031
13610,72.6059422492981,1005.3885726928711,913.1993408203125,1669.144515991211
6244,57.21464920043945,861.411003112793,449.8498115539551,1163.578384399414
17671,61.060298919677734,948.9467163085938,494.03911209106445,1289.32177734375
32958,51.340134143829346,733.4280700683594,358.0327377319336,959.6714401245117
1425,47.314040184020996,801.8461227416992,160.5643653869629,882.8161697387695
14459,40.39585900306702,444.2023277282715,581.365852355957,834.712646484375
8955,42.23293852806091,682.7695999145508,155.4658908843994,761.6758728027344
492,59.13511800765991,1087.9033966064453,241.74195289611816,1235.5897369384766
6821,62.52599239349365,1010.3810577392578,459.10205459594727,1325.4768981933594
10532,57.18207550048828,576.8891983032227,895.2696380615234,1198.7494201660156
18454,56.598758697509766,984.232307434082,255.7274398803711,1140.378761291504
22206,59.16245412826538,749.2328414916992,688.2534408569336,1224.504249572754
15382,32.31723713874817,264.02550888061523,645.2092132568359,700.1042404174805
2081,25.11348605155945,222.70010948181152,420.9171905517578,505.5778465270996
4033,43.160513401031494,596.0543060302734,347.5336227416992,813.5088424682617
11735,40.9373037815094,742.6467971801758,81.05977153778076,768.2248077392578
30098,55.961127281188965,892.8578414916992,355.29869079589844,1124.3311309814453
29675,41.82714009284973,556.0388107299805,379.6427345275879,797.4550628662109
9893,28.782602548599243,528.4925003051758,47.843595027923584,544.5726852416992
17171,44.24933362007141,343.44587326049805,1030.9463500976562,1068.680763244629
19,37.64293098449707,582.0080108642578,176.01361846923828,679.770881652832
7581,29.075570106506348,479.9990005493164,108.69509029388428,537.8216743469238
5361,30.532787561416626,250.81180953979492,570.7561492919922,633.8566780090332
16288,37.06333899497986,281.60209465026855,837.4618072509766,861.4434509277344
12545,40.980963706970215,645.6949348449707,171.44046783447266,737.2314910888672
11612,65.5841326713562,1028.9109268188477,570.7907829284668,1431.0956420898438
4593,38.026230812072754,387.06289291381836,604.5705413818359,793.7973480224609
34796,29.42202663421631,421.3296585083008,211.14607429504395,551.3172073364258
17130,44.27609205245972,737.5413665771484,154.30973720550537,814.3198776245117
22771,35.47790455818176,251.58262634277344,822.2208938598633,818.8935623168945
4682,43.15603971481323,801.2795944213867,78.7139687538147,826.2453765869141
8647,56.217979431152344,687.0268325805664,640.707218170166,1122.8282852172852
15732,49.05764865875244,605.3938903808594,545.4010963439941,968.1695022583008
1542,56.24685573577881,784.223876953125,503.79116439819336,1123.015022277832
5236,45.86807346343994,650.3393936157227,336.37971115112305,859.7583618164062
18175,53.03027057647705,948.550178527832,179.062650680542,1044.5347137451172
6109,68.26306200027466,1118.4905090332031,547.8257865905762,1505.0697784423828
6853,37.509302854537964,357.33556747436523,651.2131195068359,798.266471862793
15290,46.071382999420166,873.253791809082,83.33816337585449,899.3375015258789
20312,40.12370038032532,465.1347846984863,512.6238288879395,804.8721466064453
24081,55.31221866607666,922.078254699707,284.8275489807129,1099.7548751831055
31435,59.87411594390869,1069.2734756469727,278.4270477294922,1244.9565124511719
30913,47.84044361114502,699.0401382446289,303.67099380493164,884.524284362793
1306,32.12109184265137,426.81753158569336,270.54812812805176,596.9779853820801
8562,38.87209939956665,376.61420822143555,678.46923828125,838.9431838989258
26923,61.23104476928711,746.2707748413086,789.8174896240234,1297.9151458740234
28416,50.428865909576416,533.6763648986816,756.9154357910156,1052.4123229980469
707,43.2520592212677,814.5665664672852,75.99116516113281,837.8351898193359
25083,40.61635708808899,453.0574493408203,582.1021423339844,844.26123046875
28809,61.740238666534424,814.9600601196289,714.3811492919922,1314.3325805664062
19808,59.97005271911621,643.9346008300781,895.4195709228516,1268.6245422363281
32812,62.233529567718506,1392.4145050048828,120.78410720825195,1456.8453979492188
5489,30.77378749847412,218.47339630126953,682.8944854736328,682.207275390625
33873,63.073458671569824,804.4275665283203,792.5252227783203,1362.3272094726562
3419,60.51856327056885,798.6309661865234,672.76220703125,1265.7144241333008
17578,44.576746463775635,716.9136810302734,195.661527633667,823.2048416137695
19548,57.569639682769775,839.0213928222656,497.7084159851074,1176.5239486694336
28275,44.06987118721008,408.84031677246094,855.5924530029297,1003.7195587158203
22865,31.960553884506226,116.26249885559082,984.6629104614258,802.6730499267578
27029,50.66770124435425,560.9411468505859,702.5137176513672,1039.4004516601562
15596,58.82097244262695,888.0122528076172,480.57923126220703,1215.0906219482422
5380,32.525336503982544,592.306339263916,45.346463441848755,603.4732246398926
13515,38.44105052947998,287.2779178619385,927.1794357299805,935.0543365478516
5970,29.633501291275024,370.6434631347656,298.48008918762207,562.8234024047852
29169,57.54625463485718,761.4769897460938,592.8603630065918,1165.872314453125
21540,63.04269504547119,748.2810974121094,877.5649719238281,1366.6162872314453
15418,54.79150438308716,701.6946411132812,558.6642723083496,1076.7580108642578
3864,32.165175437927246,250.29901885986328,673.3080062866211,706.9350509643555
5225,45.19165849685669,529.9767036437988,593.6295318603516,930.0784225463867
10339,27.140524744987488,125.95890045166016,736.8059463500977,629.9937782287598
399,53.732303619384766,764.3097229003906,418.7099075317383,1037.946891784668
17861,50.01287603378296,509.41633224487305,826.9778442382812,1079.6967163085938
34085,48.9025444984436,613.6460266113281,533.4477844238281,967.5542907714844
11147,44.856125593185425,401.1370506286621,918.9131088256836,1043.35400390625
35682,62.93451118469238,1492.6268310546875,74.80914688110352,1525.0412292480469
17239,47.79284143447876,616.4722442626953,486.3642044067383,936.6476287841797
11275,32.65677857398987,344.41293716430664,435.4949073791504,630.7598075866699
15455,63.15036487579346,678.7265701293945,988.4363021850586,1376.2107696533203
8182,55.349740982055664,712.5612258911133,564.457447052002,1092.641731262207
18410,45.00441551208496,683.3004837036133,251.8480396270752,830.6181640625
4294,53.57985973358154,479.67607498168945,990.0122146606445,1169.8662643432617
12559,42.53916525840759,691.5741119384766,156.06556701660156,770.5621719360352
24505,60.396655559539795,759.1319122314453,741.7584838867188,1275.2979278564453
31294,54.25619697570801,888.9962615966797,287.44939041137695,1067.9027481079102
22378,59.449824810028076,698.1189575195312,783.2875823974609,1241.922996520996
2288,31.49490475654602,506.4307174682617,129.47042751312256,576.8455810546875
30745,36.96608328819275,478.258056640625,319.6403331756592,679.1080017089844
18662,36.594754457473755,488.4985656738281,289.8862056732178,668.7772750854492
27602,34.13175082206726,354.4070243835449,497.6731872558594,682.698600769043
17640,52.08814287185669,737.8201599121094,381.1883850097656,981.5461120605469
29774,30.288315534591675,491.9335021972656,119.94516658782959,556.6628074645996
27347,37.237186431884766,652.5851440429688,77.62626123428345,680.885124206543
28128,69.19885969161987,970.9397506713867,813.2177200317383,1555.7234802246094
8578,50.096230030059814,917.8192672729492,130.36150741577148,976.4885940551758
1323,36.55212640762329,337.9006805419922,655.3707427978516,781.9698181152344
7693,56.89820146560669,584.340015411377,865.6258392333984,1184.2403411865234
18593,43.188239097595215,641.8926887512207,246.7404079437256,786.2405548095703
13457,59.99711847305298,953.3304901123047,439.20004653930664,1251.3996658325195
24672,54.653053283691406,602.5218544006348,734.4086685180664,1104.8636932373047
16449,52.58050012588501,750.4592208862305,389.7583427429199,1001.5555572509766
4462,63.62826204299927,1106.089469909668,371.57379150390625,1355.2674560546875
12249,57.991926193237305,640.5967750549316,800.6064605712891,1194.3483657836914
5856,36.5941047668457,275.1995620727539,830.3571929931641,849.659049987793
14310,59.31516981124878,934.6333389282227,435.5993957519531,1229.428825378418
33605,44.69889783859253,507.84891510009766,634.9864654541016,938.7947006225586
1508,55.02438688278198,807.2026214599609,427.4625015258789,1089.5951766967773
1582,30.361574411392212,411.8545837402344,249.3582305908203,568.2860107421875
156,47.33910894393921,797.918571472168,164.7156810760498,881.8575286865234
8199,30.07321858406067,372.52146911621094,302.84777069091797,567.5007972717285
2440,43.27714967727661,514.0381889343262,559.9904518127441,889.3128509521484
22572,56.248206615448,1007.2536926269531,219.31866836547852,1135.4593048095703
16038,40.47522950172424,504.8540267944336,432.11549377441406,784.8213882446289
2075,31.527526140213013,177.70843887329102,833.1720886230469,751.9865341186523
14564,42.68459177017212,621.2642936706543,270.94239234924316,783.3758392333984
18101,60.08363151550293,739.2716979980469,745.9525375366211,1257.5276412963867
10712,42.910507917404175,393.943359375,844.9701461791992,980.7684783935547
2226,59.241217613220215,946.4044570922852,416.6128349304199,1226.9087600708008
247,40.41255474090576,625.1057434082031,185.6322784423828,727.4271850585938
21454,39.67048144340515,281.10430908203125,991.9567108154297,976.9387664794922
15569,49.686527252197266,1022.6316299438477,65.10208129882812,1036.0081939697266
34000,47.97941493988037,893.5636901855469,101.29246997833252,930.8267364501953
19192,30.68501353263855,289.12257385253906,474.75950622558594,605.0054054260254
31420,54.107757568359375,720.2632675170898,496.0902519226074,1049.373146057129
22103,67.87825298309326,1160.602066040039,473.8576965332031,1490.6600646972656
6516,47.85848331451416,755.4884414672852,224.04291152954102,882.4686279296875
34655,65.65203619003296,1318.649169921875,266.5221366882324,1492.3875732421875
35695,39.106212854385376,449.04552459716797,499.854679107666,778.7952346801758
17858,52.17160892486572,568.4001579284668,734.0782318115234,1069.9007873535156
4034,34.700581789016724,474.4881477355957,260.799222946167,635.5902786254883
34465,34.971903562545776,304.6634063720703,671.6010513305664,760.0769653320312
26948,36.914734840393066,437.15242767333984,430.077579498291,715.6904296875
30482,60.92608976364136,793.3310852050781,709.1042098999023,1287.2987060546875
12662,44.66879177093506,609.2216033935547,387.6848564147949,856.1566772460938
33980,44.4627628326416,724.1687469482422,181.28923988342285,820.0764923095703
27986,42.02591037750244,625.1694068908691,237.3520565032959,763.4225082397461
20021,45.06709289550781,564.882007598877,503.6023139953613,898.257080078125
29822,38.72056245803833,377.8805465698242,677.4197463989258,839.5210418701172
25997,37.56622862815857,532.7091102600098,243.17909049987793,678.9136428833008
22886,69.49115705490112,1323.4456634521484,353.4947967529297,1563.5136413574219
32525,58.790889739990234,898.7385177612305,462.499698638916,1212.3732528686523
6163,40.89372134208679,395.04800033569336,758.949592590332,918.1360473632812
22679,39.65272307395935,366.6943778991699,766.4972381591797,895.0464324951172
33016,44.933302879333496,567.3946952819824,493.5897407531738,893.4282913208008
24247,41.91226816177368,415.1253471374512,751.7938537597656,932.7868804931641
13751,29.639962434768677,244.45266723632812,534.4604339599609,603.0472717285156
2766,43.32281136512756,568.9457817077637,433.72790908813477,849.9521942138672
24143,55.38024377822876,712.5399780273438,568.0655097961426,1095.4552459716797
2724,37.514853715896606,495.9277038574219,302.83812141418457,684.5767211914062
18,55.856712341308594,605.4264183044434,778.2666244506836,1140.8162460327148
32636,47.710532665252686,715.3534164428711,274.3897705078125,879.5323486328125
13115,57.68676996231079,559.116527557373,950.3100662231445,1221.4349899291992
28619,57.54547309875488,763.5339965820312,587.5621337890625,1164.0503005981445
13720,58.97887420654297,780.424430847168,633.109619140625,1216.2884216308594
3770,43.97338032722473,637.5540046691895,306.09984397888184,824.5626907348633
8204,22.840782403945923,332.6888656616211,175.99483680725098,443.6410942077637
13162,62.27060556411743,792.7086410522461,774.8157730102539,1336.162857055664
19413,27.198554039001465,398.10097885131836,188.86493492126465,514.2845573425293
15677,50.44338035583496,791.0708312988281,261.483943939209,946.0039443969727
1650,39.494513511657715,597.7557411193848,200.9344997406006,712.0017776489258
311,51.211002826690674,598.028980255127,629.0643844604492,1022.5723495483398
33868,30.295392751693726,271.6588382720947,501.5438461303711,606.3772583007812
35544,43.035786390304565,578.2999496459961,381.9461135864258,821.1487426757812
35512,54.71988773345947,940.8105316162109,237.04821586608887,1081.5810317993164
23528,58.75789546966553,864.7004928588867,508.7332344055176,1211.7543487548828
31794,54.10822105407715,536.0493583679199,865.7880325317383,1134.6143264770508
18191,60.319697856903076,1382.8102264404297,82.20441722869873,1417.9234771728516
23477,54.8939094543457,978.6506881713867,203.92229652404785,1094.2550964355469
19469,52.83511686325073,721.94970703125,431.2054252624512,1002.2874984741211
14077,34.213523149490356,197.3602294921875,893.1704025268555,816.8649368286133
16465,33.93135166168213,236.87029266357422,785.5886459350586,776.6993713378906
7133,27.377742767333984,164.8260383605957,650.5405044555664,606.6764717102051
23003,26.719712018966675,436.3420295715332,115.61131954193115,501.1409378051758
24639,45.54000473022461,632.9317092895508,359.90040588378906,859.5037002563477
23404,34.37593650817871,221.4980125427246,845.5211334228516,805.9688339233398
31746,63.11546802520752,770.3220901489258,847.364616394043,1366.817367553711
1620,38.74624419212341,300.22372245788574,908.3785705566406,934.0894012451172
29674,44.55406427383423,682.5887222290039,244.81083488464355,824.7926254272461
14376,47.85775327682495,790.1613235473633,185.96478080749512,889.3305969238281
4693,52.074384689331055,636.0727958679199,568.3552131652832,1015.8876724243164
24267,37.123252630233765,618.816707611084,108.83635520935059,669.2250518798828
11410,54.98785591125488,636.6111259460449,682.0410842895508,1101.1390991210938
28493,38.127811431884766,426.5527153015137,511.38085174560547,764.455078125
3079,21.53316295146942,360.7267646789551,100.03096961975098,419.0329246520996
8108,37.29001998901367,279.3639659881592,886.551887512207,896.718994140625
21099,64.51893854141235,1192.4649963378906,307.7794761657715,1393.6287689208984
19999,48.61647701263428,619.243968963623,510.14625549316406,956.0855331420898
8610,37.01360750198364,469.5566749572754,337.1104545593262,682.7049026489258
22053,30.804372310638428,175.9375991821289,792.0983428955078,719.4154663085938
5588,61.06485033035278,783.1240921020508,725.3899230957031,1288.8248443603516
16477,32.876399755477905,415.7867965698242,306.48072624206543,611.1256332397461
18723,50.84450626373291,901.6929779052734,155.46518421173096,978.5979690551758
8761,46.77240562438965,903.8082046508789,75.34857034683228,923.5985717773438
2740,35.44620752334595,271.5044803619385,767.5156097412109,798.3411636352539
10195,30.407358169555664,500.10560607910156,111.25021743774414,558.5742225646973
21011,34.70923852920532,419.72419357299805,357.3873634338379,649.295467376709
7279,37.99400448799133,447.8174247741699,448.87319564819336,739.6405029296875
32588,47.389044761657715,536.2128219604492,665.5921249389648,988.8360214233398
20310,50.59963417053223,820.6236267089844,233.3783664703369,955.5330276489258
23358,55.819894313812256,772.0920562744141,505.291316986084,1111.3591842651367
24552,32.3748083114624,319.280086517334,485.6750183105469,640.9556427001953
12275,19.452829957008362,315.7303657531738,116.38176155090332,387.43747329711914
5332,59.44656801223755,661.3307952880859,838.1400146484375,1244.1901626586914
23444,35.0466730594635,390.9538917541504,435.5865898132324,674.9933166503906
25351,64.76923990249634,1159.9591827392578,351.98035049438477,1394.905517578125
29828,56.77342700958252,1132.6008758544922,153.03979301452637,1214.3244705200195
2276,46.98828983306885,795.8309783935547,156.4089937210083,873.8835678100586
12851,50.979727268218994,781.8974151611328,288.3065643310547,956.9727935791016
17202,44.433425188064575,695.8961639404297,217.0578098297119,817.7081451416016
17735,52.693735122680664,856.2758636474609,268.84764671325684,1019.8569183349609
421,54.24708127975464,917.7665481567383,247.03914642333984,1065.8666229248047
21818,51.67625427246094,868.8618774414062,209.62915229797363,986.6665649414062
28007,41.133933305740356,560.0835189819336,338.0348091125488,771.2969665527344
31791,55.34069108963013,686.5050964355469,602.4746589660645,1093.7031478881836
11380,55.54356908798218,781.6630325317383,476.54576873779297,1100.1274795532227
24587,43.859583377838135,667.3711242675781,230.01573371887207,799.1861801147461
21720,35.49293613433838,573.5288887023926,128.98185062408447,640.0332870483398
23078,34.76414370536804,400.33642578125,400.09893798828125,659.7811813354492
2381,36.68777871131897,284.7310371398926,841.2924423217773,868.1611557006836
29285,48.44756507873535,909.7004241943359,100.63975143432617,946.6312637329102
20159,55.35372257232666,621.0752258300781,728.4479904174805,1119.706901550293
30500,22.91626477241516,347.98107528686523,154.61415481567383,443.7146224975586
9951,35.42806577682495,228.87756156921387,891.4391021728516,848.3499069213867
7506,48.63357067108154,988.8081970214844,63.63325786590576,1000.4892959594727
28577,50.16393041610718,680.4404983520508,411.64026260375977,945.1295166015625
24173,41.056055545806885,456.0630912780762,605.8624572753906,864.9418563842773
17717,27.655811190605164,229.95712661743164,482.36240005493164,553.9461708068848
9628,41.41222405433655,634.8325309753418,200.99642181396484,747.3354949951172
20605,39.245306968688965,693.1642227172852,85.4707145690918,724.3086929321289
8189,66.09924840927124,1492.6610412597656,154.53166675567627,1586.1949462890625
28208,29.378241539001465,343.94031524658203,332.0132179260254,560.2550430297852
26896,62.085410594940186,706.3184661865234,892.7979202270508,1333.2739715576172
1003,42.41433048248291,602.9818229675293,297.93933868408203,784.7865829467773
10864,59.41767406463623,919.6562271118164,463.45716857910156,1235.191535949707
8799,56.98427486419678,886.3927459716797,403.4930763244629,1154.3480758666992
27242,56.115954875946045,761.4939270019531,525.0756874084473,1115.0529174804688
35660,29.342644453048706,246.82984352111816,513.2286071777344,590.9479103088379
21169,35.65105843544006,480.6723327636719,275.7658176422119,651.7330856323242
18573,47.11482858657837,703.7778930664062,276.7299385070801,869.6327285766602
27230,30.76342535018921,62.439525842666626,1070.3811340332031,812.4855346679688
13156,30.649921417236328,332.4410820007324,390.83903884887695,589.1742134094238
20465,47.55152225494385,632.1035232543945,442.60202407836914,920.0032806396484
15749,42.560291051864624,449.5647659301758,688.0761947631836,919.7611923217773
215,54.675774574279785,602.5246810913086,737.2921295166016,1106.9911575317383
30777,64.34508275985718,1220.9388122558594,285.8677673339844,1405.9569091796875
14178,48.730931758880615,769.8802947998047,231.09707641601562,902.1384582519531
27685,28.362629055976868,67.11386728286743,957.2848663330078,732.1098327636719
35307,29.071169137954712,331.10580825805664,345.917236328125,557.5760803222656
28694,37.13456153869629,384.55175018310547,570.0056838989258,765.3337249755859
179,38.10870122909546,486.6991271972656,349.1294403076172,707.2190170288086
3357,39.00677275657654,689.7123565673828,83.89862632751465,720.0160675048828
1534,45.15510368347168,510.30696868896484,648.9483642578125,951.683479309082
20798,65.56885099411011,1097.0480728149414,467.2559585571289,1420.5337677001953
31808,34.36714267730713,216.36951065063477,851.3486099243164,804.7853012084961
24919,47.0456337928772,660.4650573730469,356.55175399780273,884.8318786621094
21545,48.284587383270264,510.50028228759766,765.3688812255859,1036.1751022338867
14152,41.830472230911255,503.6438522338867,502.03076171875,835.2709503173828
19649,44.173540115356445,849.1140747070312,72.73939371109009,869.257194519043
20836,58.301185131073,962.0876617431641,355.05105209350586,1195.302131652832
14821,27.52266013622284,178.74739265441895,601.1887550354004,585.9899368286133
32323,50.849205493927,745.5754852294922,321.0850887298584,944.441032409668
8950,37.038628578186035,259.86144065856934,921.7780532836914,902.7925033569336
30498,31.275165557861328,433.79000091552734,239.39766883850098,582.378604888916
25513,47.86453151702881,763.6370086669922,214.69012641906738,883.7831344604492
14033,27.366124868392944,368.6788749694824,240.46672821044922,521.2224617004395
18535,58.29394769668579,725.2087097167969,684.1800918579102,1196.1110382080078
6668,57.327816009521484,876.846321105957,430.1848487854004,1164.7588500976562
2476,26.880314111709595,114.96785831451416,757.1499252319336,633.754280090332
27003,45.51328802108765,599.7827491760254,436.7868957519531,883.5898208618164
9539,56.21311616897583,870.3122482299805,391.64924240112305,1128.3943939208984
26394,34.50244379043579,388.2235908508301,414.72038650512695,658.3715972900391
4099,55.67828702926636,847.8346099853516,400.6307144165039,1111.6570053100586
24260,47.398698806762695,808.3272094726562,156.10171699523926,885.9978179931641
27338,65.7001953125,893.577392578125,772.9598159790039,1443.2039489746094
7838,31.92652654647827,280.0809097290039,580.9727592468262,669.3724899291992
28516,28.678688883781433,150.01865196228027,754.4364318847656,666.2643203735352
5383,40.279741287231445,633.8940315246582,169.33427619934082,724.590217590332
34958,29.87967300415039,174.41628551483154,748.8552093505859,686.3551864624023
33736,50.98849105834961,831.7601776123047,233.07846069335938,966.8508758544922
9842,39.433579444885254,398.7513198852539,679.9523010253906,862.6170349121094
7418,37.16110277175903,599.1240577697754,137.42509746551514,669.9001083374023
4195,68.88720321655273,1130.7069091796875,562.8976898193359,1529.9272155761719
1202,49.431748390197754,754.5977325439453,266.87821197509766,913.2788619995117
20324,35.70904278755188,390.8234405517578,484.8641128540039,709.2827453613281
35021,26.346617937088013,433.50074005126953,110.3861722946167,494.91866302490234
19276,39.84247946739197,567.8742408752441,258.43214988708496,722.8133850097656
18781,52.76448392868042,844.2717819213867,289.5485897064209,1023.2947769165039
19608,34.8578417301178,324.05900955200195,614.7295112609863,737.6016006469727
17064,36.23186111450195,609.0057334899902,100.22073554992676,654.4166412353516
2513,32.8807897567749,519.704029083252,144.1385154724121,599.3100051879883
34122,32.980780601501465,290.81828689575195,609.1414222717285,700.3058471679688
33,33.47104096412659,369.6410827636719,412.3858833312988,638.9234428405762
27172,45.120689392089844,876.0083770751953,71.030442237854,894.3806304931641
17550,59.43045711517334,784.7887115478516,643.0018844604492,1228.536392211914
24861,44.393062591552734,478.6096954345703,696.5085754394531,955.2556686401367
29961,32.08633351325989,465.7659568786621,208.6294708251953,591.7565116882324
4396,54.27224588394165,523.5660820007324,917.4673767089844,1160.3974151611328
35128,27.68364953994751,464.58234786987305,96.8058614730835,515.2120208740234
29976,25.510908842086792,389.35938262939453,156.84771537780762,484.4334373474121
34284,57.430508613586426,649.2568702697754,765.1266860961914,1176.7285766601562
163,23.779877424240112,314.518310546875,233.4321403503418,465.18177032470703
24928,45.80661058425903,844.1609878540039,95.76921463012695,879.2276153564453
25331,19.65684723854065,240.2292251586914,242.49983024597168,400.9189643859863
29743,44.09777069091797,524.654125213623,564.1150360107422,903.0561065673828
2807,58.53160381317139,993.4950332641602,318.0341262817383,1198.6500091552734
7778,54.5452823638916,995.9581680297852,188.51096534729004,1100.6360473632812
21960,53.04065418243408,613.9484977722168,655.6018905639648,1057.839111328125
35227,59.50700044631958,691.061164855957,780.557975769043,1232.1389083862305
23395,32.92687630653381,190.81235885620117,854.4534683227539,781.0870208740234
12300,63.214741706848145,766.2399291992188,860.1429748535156,1372.1137390136719
18645,46.20130395889282,661.7751312255859,325.7806739807129,863.6812515258789
10634,35.4509711265564,378.50355529785156,503.5416831970215,710.5997085571289
5496,54.522350788116455,666.9146194458008,602.798999786377,1073.3539505004883
13413,33.803739070892334,389.29888916015625,385.793025970459,639.6560363769531
31040,44.70015525817871,759.1306533813477,140.53333950042725,826.4176712036133
25875,35.51114296913147,543.7911186218262,173.36324310302734,641.818531036377
3252,61.35640048980713,844.697395324707,650.9188575744629,1298.355209350586
5143,60.497629165649414,650.8574676513672,916.6475372314453,1291.59423828125
11211,36.789098262786865,236.59322357177734,977.7880554199219,921.7252044677734
1314,59.995386600494385,640.690299987793,901.293815612793,1270.3020324707031
1892,36.58345699310303,327.4683952331543,679.4394378662109,789.3224639892578
19204,38.472501277923584,348.02039337158203,746.9756774902344,861.6026992797852
17462,43.321375370025635,455.5523681640625,707.3679885864258,940.2751770019531
32086,27.11805510520935,440.3152885437012,119.20262718200684,507.3072700500488
3110,50.31908130645752,657.7157135009766,460.34453201293945,957.8095321655273
30883,54.032572746276855,602.4120712280273,709.1564025878906,1085.9002380371094
3028,39.22091889381409,378.291446685791,718.8348159790039,871.0472640991211
14844,53.441964626312256,623.0064086914062,647.8626899719238,1061.1168060302734
22822,52.92448091506958,768.7923202514648,380.4489212036133,1013.6661987304688
27665,29.7849280834198,372.2667655944824,294.7880096435547,561.6564598083496
20871,57.92007064819336,772.1237716674805,596.1814765930176,1179.6726608276367
33144,49.58940076828003,817.3632507324219,203.4041748046875,929.7378997802734
25046,40.12976932525635,674.9357299804688,116.82793140411377,727.6964340209961
21927,42.092726707458496,406.1772651672363,779.5408172607422,944.45458984375
21618,42.6983425617218,687.6995239257812,164.83505249023438,772.8666763305664
34471,56.364498138427734,727.5413208007812,586.5831985473633,1124.971549987793
1293,38.1618857383728,508.3706245422363,300.32863998413086,694.6707382202148
35966,58.77225923538208,571.6453170776367,970.8126983642578,1250.1667709350586
21977,20.92966401576996,388.10668182373047,54.371771812438965,414.4642791748047
8490,44.1682505607605,488.5932960510254,656.7129898071289,935.6649475097656
23225,59.27873182296753,1084.0376052856445,246.36742210388184,1235.1515426635742
225,40.96576261520386,704.8794708251953,109.71685218811035,751.7129974365234
4063,56.91954469680786,718.5615234375,624.588207244873,1144.061393737793
9306,36.12511372566223,511.21300506591797,239.35258102416992,655.8537063598633
25130,45.31214380264282,665.3762512207031,290.469202041626,841.0503540039062
21621,54.039794921875,735.4639129638672,466.33602142333984,1043.0068588256836
1384,27.978275060653687,417.0863609313965,178.59981536865234,525.3628997802734
459,25.121790170669556,329.5480041503906,245.59497451782227,487.6141357421875
33086,61.409573554992676,927.3497314453125,538.0289688110352,1300.3877563476562
9606,42.739623069763184,604.8832855224609,315.9517021179199,799.6794281005859
20618,59.188623905181885,993.8205337524414,344.4062690734863,1219.4694595336914
35110,70.52659368515015,1042.3555145263672,775.6971054077148,1602.796615600586
7939,38.82855486869812,517.8206100463867,308.31176948547363,709.0346603393555
16612,28.214305639266968,108.85018062591553,839.5487060546875,687.4229736328125
1263,60.203853607177734,765.1191024780273,720.6439666748047,1265.9606323242188
442,44.16038942337036,681.3761978149414,223.31647491455078,807.9129257202148
33972,47.57504892349243,538.9361152648926,666.4707489013672,992.4766159057617
3747,52.775771141052246,686.5356292724609,495.97728729248047,1013.9523544311523
21830,41.03337836265564,682.6299514770508,127.53364562988281,742.1962966918945
26192,23.978684663772583,352.2156791687012,175.43803215026855,461.77616119384766
18588,29.574007272720337,221.4875717163086,605.3412094116211,629.8257293701172
29009,29.617390155792236,168.89632987976074,755.9556427001953,686.2151184082031
25482,30.705930471420288,389.0849723815918,294.9789733886719,577.9164199829102
6544,44.099369525909424,660.4282455444336,253.08065032958984,808.7427368164062
7629,45.31870365142822,766.0299758911133,144.63951110839844,836.1372756958008
16510,39.84241271018982,539.2306098937988,307.6884479522705,729.1449279785156
16036,44.25867509841919,839.5618286132812,78.54363012313843,863.985107421875
21382,31.302016496658325,175.83071327209473,814.5397796630859,735.7184066772461
32171,40.58509087562561,386.80554580688477,765.0277481079102,914.1631011962891
10052,55.847322940826416,569.624080657959,847.0069732666016,1154.9322967529297
19642,40.83490705490112,591.8137626647949,250.6616611480713,740.4694137573242
23911,34.02391839027405,428.5720901489258,316.4311866760254,630.0076370239258
28153,28.39641809463501,262.6276264190674,447.7671203613281,561.4850616455078
29098,56.19018268585205,858.1069030761719,408.000789642334,1128.0829620361328
275,43.78802156448364,482.71212005615234,655.2459487915039,928.6994094848633
32394,46.30952453613281,575.6184539794922,532.0304985046387,930.175910949707
23357,26.527889370918274,245.5858039855957,420.11767196655273,526.9765663146973
18998,43.036694288253784,812.2913360595703,74.28332138061523,834.380859375
28177,69.57794904708862,1150.4015045166016,556.7637176513672,1545.1178131103516
7856,19.603501200675964,295.1097869873047,151.57708549499512,391.6079788208008
31011,56.96182727813721,663.3887252807617,718.3108901977539,1156.2960052490234
2644,43.32417678833008,745.2660064697266,124.89385032653809,801.3478393554688
24873,45.35383701324463,460.09770584106445,788.0910339355469,1004.8100814819336
19160,37.96406650543213,365.9392509460449,654.4470520019531,809.7275161743164
1729,45.74497890472412,481.42635345458984,752.1446228027344,999.4758148193359
35685,34.26126170158386,185.53330993652344,934.7268142700195,836.5215072631836
35020,27.513097047805786,169.33915901184082,639.8475227355957,603.4998779296875
8319,43.60836887359619,541.373966217041,506.08634185791016,876.4117279052734
28946,43.85485029220581,358.46834564208984,977.6725234985352,1044.1021194458008
2434,50.29039907455444,755.4913711547852,290.644495010376,931.7814788818359
17635,69.83541440963745,1166.4896926879883,545.7760467529297,1552.5292510986328
22599,69.69119024276733,1192.732292175293,506.35167694091797,1548.7437438964844
19461,34.88775610923767,193.90957641601562,941.5270690917969,850.295280456543
13369,58.55035734176636,952.4721832275391,376.3389091491699,1201.7471923828125
25856,58.75105285644531,788.0695343017578,612.6916046142578,1209.1669692993164
11913,32.887983083724976,172.54062461853027,888.2485580444336,787.824348449707
164,26.812169551849365,185.3897705078125,545.4934768676758,554.4116973876953
18590,48.049752712249756,944.0335235595703,75.82901763916016,963.8407363891602
16857,37.66061592102051,674.5240173339844,70.7717752456665,697.0135650634766
22681,32.80879473686218,304.4119758605957,564.5575103759766,681.4545669555664
631,54.342795848846436,554.3661804199219,843.8012924194336,1137.0310363769531
16688,56.8745813369751,650.3513412475586,732.8427124023438,1153.8458557128906
17383,53.89213180541992,955.8439254760742,193.68708419799805,1063.036636352539
25430,32.06758189201355,280.8983955383301,585.9834861755371,673.9047622680664
30300,53.55290412902832,503.84859466552734,931.2832870483398,1150.7404022216797
34455,33.483362436294556,344.3025588989258,479.4238739013672,660.5322189331055
1216,53.12589073181152,606.239860534668,671.5848083496094,1061.8175506591797
15170,40.60211730003357,550.8398628234863,322.6556987762451,750.9883804321289
1187,56.80802392959595,633.3740081787109,763.6598892211914,1159.1225357055664
14254,52.91664409637451,856.74169921875,276.6347885131836,1026.4320983886719
15685,63.06801891326904,775.0826950073242,833.900276184082,1361.6895446777344
4997,69.33504438400269,1369.9679718017578,320.6215419769287,1585.9930725097656
5100,31.9783992767334,270.81004333496094,609.2796859741211,680.6631393432617
13288,32.95211100578308,492.5199661254883,189.9451503753662,604.4863319396973
8446,43.312554359436035,487.7121925354004,629.680248260498,914.7122268676758
25739,46.02597713470459,500.2120132446289,708.8768768310547,986.2268676757812
146,36.23415780067444,249.41972732543945,904.8837738037109,880.1228256225586
23531,38.93259620666504,364.0136375427246,738.1641235351562,871.1745223999023
6770,71.46919298171997,1287.0786819458008,448.22809982299805,1600.0568237304688
4790,38.22513198852539,341.43366622924805,761.710693359375,865.9291687011719
29476,61.01950025558472,973.5170364379883,450.1090965270996,1280.7207641601562
30907,39.40733289718628,515.9303779602051,344.7680358886719,732.4069747924805
1065,54.83886241912842,843.3007507324219,371.8794746398926,1085.1452102661133
5314,42.588393211364746,417.22643280029297,771.2560348510742,949.3408966064453
8465,34.89835572242737,416.6550407409668,368.58129119873047,653.8638305664062
27193,51.850772857666016,600.4019470214844,639.2126045227051,1031.9476776123047
18735,30.87077248096466,103.72214317321777,970.807861328125,779.7539138793945
2669,42.829432010650635,488.4161071777344,600.1040344238281,893.4037704467773
9444,48.61306619644165,753.2552719116211,247.54006385803223,897.4953384399414
32920,59.15575170516968,1027.8790893554688,298.58459091186523,1218.5744247436523
31453,47.10810041427612,740.7899856567383,225.2252902984619,868.5668106079102
5913,27.400903940200806,161.0038833618164,657.7409133911133,608.1410827636719
16278,33.47694659233093,311.23107147216797,576.1257514953613,696.6120910644531
62,60.73434925079346,850.6532821655273,614.9534339904785,1277.44287109375
4625,35.139365673065186,623.985466003418,65.58958339691162,646.204761505127
10723,60.00701427459717,645.7944183349609,897.6428909301758,1272.8845520019531
26427,45.56484079360962,474.5489273071289,758.15283203125,997.0506744384766
9098,30.60017442703247,219.883939743042,674.4940338134766,677.6807098388672
3769,35.49729681015015,209.78318405151367,958.6270370483398,879.6604156494141
23012,36.08165788650513,381.37240982055664,525.6982078552246,729.5735321044922
35118,51.47463607788086,669.3705291748047,478.2301902770996,982.9769744873047
5271,42.60668730735779,375.2899055480957,877.7457504272461,986.4742813110352
5461,38.527005672454834,517.2833938598633,297.60366439819336,701.2775497436523
16996,23.845219016075134,92.2937183380127,643.1822090148926,531.8626136779785
1408,50.600064754486084,586.0624656677246,639.6272964477539,1018.3339080810547
11463,53.031426429748535,741.2879638671875,418.86859130859375,1013.8168563842773
29814,41.55556869506836,519.6471366882324,448.4635238647461,811.7342071533203
4585,37.609902143478394,367.5835876464844,629.3104553222656,792.702995300293
6658,34.570361852645874,379.1306266784668,445.42466735839844,670.5798950195312
27833,40.9002583026886,354.8359260559082,861.6460266113281,954.1264266967773
19070,72.8079924583435,1164.901481628418,683.8832397460938,1658.537368774414
33560,46.17866849899292,850.0241088867188,97.83142852783203,886.0407943725586
186,69.47246408462524,864.8092422485352,999.6770401000977,1582.6465606689453
1279,31.30959987640381,174.99139595031738,822.470344543457,740.9021148681641
21579,60.517902851104736,1214.0480651855469,204.63849639892578,1337.7166748046875
5740,50.07835006713867,868.6554183959961,160.81671524047852,949.0063171386719
11468,21.887716054916382,344.1418571472168,134.4971055984497,426.5193328857422
19414,59.98973083496094,748.9026031494141,724.5229034423828,1251.6765747070312
16625,64.57816410064697,1124.5438613891602,386.8513641357422,1386.0119323730469
27094,57.851409912109375,810.5168914794922,542.2477951049805,1180.0245513916016
29084,28.069479942321777,397.1915473937988,213.85260581970215,530.2966728210449
33746,56.10043430328369,786.2814712524414,492.2051200866699,1116.573875427246
28010,50.866976261138916,930.5574417114258,139.43857860565186,996.0496215820312
7888,35.18113923072815,259.136194229126,786.5033187866211,799.7024612426758
23731,21.987961530685425,326.9373073577881,163.7023000717163,429.9214782714844
35514,27.785266876220703,464.44268798828125,99.1865177154541,516.6690788269043
10983,52.914647579193115,829.4306640625,312.4802761077881,1025.2060623168945
15156,64.80615234375,1327.8152313232422,246.11077880859375,1486.819091796875
25405,29.056999921798706,193.2743911743164,659.7555274963379,640.8011856079102
21446,26.968560099601746,81.18162751197815,842.8213653564453,662.3566131591797
10280,63.63341474533081,961.8056869506836,584.0561447143555,1371.6369171142578
22118,45.406532764434814,454.0320701599121,802.166145324707,1009.2812271118164
30679,40.97358465194702,646.3107528686523,171.30959701538086,737.5995254516602
19221,58.64139270782471,919.9148483276367,429.4183349609375,1209.3536987304688
11736,51.77754259109497,664.1276397705078,497.9566078186035,992.2019119262695
3232,27.87641215324402,338.30688858032227,299.8078327178955,532.7765007019043
12504,69.8851432800293,1040.0870666503906,749.962776184082,1580.4832305908203
25476,46.85162973403931,804.8856811523438,146.85405158996582,876.1351318359375
24532,25.425421476364136,349.01184463500977,223.15130615234375,490.936336517334
21153,36.20410680770874,309.43333625793457,710.2928314208984,794.1685638427734
3665,54.23489046096802,863.111930847168,322.43134689331055,1067.9995422363281
8937,37.83569693565369,609.7500495910645,139.0004711151123,680.9652099609375
24266,50.60838985443115,769.326789855957,287.47271728515625,943.492919921875
114,40.41115379333496,584.8598022460938,250.4161491394043,733.6200942993164
27918,30.467882871627808,177.58539485931396,772.2747497558594,706.6706314086914
1364,42.96407651901245,396.00662994384766,841.8353118896484,980.5411376953125
15391,40.22466158866882,445.6177558898926,585.9454727172852,839.6542739868164
19263,42.68510293960571,601.6895179748535,314.71923828125,795.6618118286133
23237,47.72000169754028,705.7667999267578,290.50450325012207,881.6317596435547
13884,43.815428256988525,552.6743087768555,488.4109420776367,874.7777938842773
31363,22.02325665950775,273.2301425933838,253.90382766723633,439.8206977844238
15169,43.897520780563354,406.43575286865234,859.9311218261719,1004.5167083740234
1406,50.39518070220947,759.7797927856445,290.4222049713135,935.8386840820312
9216,42.18775725364685,795.8640365600586,70.99646615982056,815.4182662963867
20791,69.42185688018799,1364.3577423095703,322.83254051208496,1581.708984375
22168,35.18735122680664,318.5200386047363,649.7371978759766,757.9157943725586
5520,41.05653119087219,420.6853332519531,697.018684387207,897.6854476928711
18470,40.27319574356079,286.874906539917,1004.5220031738281,992.0689468383789
16543,50.33524942398071,625.146297454834,539.5122756958008,983.5513534545898
29271,45.007816314697266,620.6713333129883,375.9680404663086,859.296272277832
4724,37.450767040252686,541.3152236938477,227.86802864074707,676.6599655151367
30503,30.916106700897217,271.44511795043945,533.7941932678223,628.2631912231445
8516,32.97254395484924,422.52708435058594,299.05068588256836,612.4282875061035
7448,48.476595401763916,514.9357872009277,760.1792984008789,1036.8875350952148
8841,44.27277755737305,576.9704627990723,448.5250587463379,869.2795791625977
15774,47.32273292541504,671.3232345581055,345.27981185913086,887.504264831543
24349,50.94059705734253,726.8573760986328,356.43233489990234,951.9479293823242
6520,57.169453144073486,534.1044464111328,975.4612503051758,1214.2372283935547
28850,33.41745209693909,354.6634826660156,445.3957977294922,647.1111907958984
34483,73.49861001968384,1191.7443084716797,667.5187301635742,1673.63525390625
25296,35.317493200302124,295.00614738464355,695.9897003173828,768.227409362793
28072,44.44427728652954,851.0198211669922,75.83748960494995,873.3628158569336
5681,35.35704565048218,557.5270652770996,148.97014999389648,638.3939094543457
33138,45.13186502456665,407.26900482177734,908.1382141113281,1041.260971069336
3895,29.391471028327942,162.87998580932617,758.9258041381836,682.474479675293
22657,57.078723430633545,560.3655166625977,921.4509735107422,1201.1816329956055
30633,76.28393173217773,1308.4401245117188,617.1456260681152,1753.7277069091797
15912,36.2310996055603,650.5070419311523,63.756861209869385,669.9048843383789
5568,49.588218212127686,713.0056838989258,329.53379821777344,917.3648071289062
31479,49.827595233917236,547.0602264404297,705.727897644043,1027.928352355957
8200,34.809537410736084,264.06077766418457,755.1689376831055,781.6704177856445
25426,39.36628818511963,364.3752746582031,745.2705917358398,876.6619110107422
22412,60.077017307281494,843.5434951782227,597.1930732727051,1256.6641998291016
18822,59.91990804672241,725.3481140136719,758.1674652099609,1251.5565032958984
34143,47.72470283508301,597.0059776306152,531.158374786377,950.2709579467773
16002,52.36562442779541,521.8802452087402,840.4927291870117,1101.6552734375
6822,49.417025566101074,532.8588066101074,744.6103668212891,1042.2633209228516
22928,74.77272510528564,1155.8263702392578,794.1604919433594,1734.7354736328125
11365,39.995463132858276,435.09388732910156,595.8694915771484,836.261100769043
25720,32.377771854400635,437.4729652404785,259.3607120513916,599.3877258300781
3301,54.609257221221924,1005.806770324707,183.90468406677246,1107.2866668701172
2874,29.892799973487854,134.9538927078247,863.1899261474609,731.3256454467773
7683,35.82835340499878,419.64006423950195,401.95926666259766,679.3486175537109
12448,52.8913631439209,536.8957176208496,823.2296142578125,1104.0943756103516
5620,36.73560285568237,648.4673805236816,74.29754877090454,675.0853500366211
23164,31.764660120010376,417.50465393066406,275.0136909484863,591.0903549194336
31954,62.33577823638916,743.7010879516602,853.1718215942383,1343.4854888916016
20552,53.07526969909668,704.0652313232422,475.69326400756836,1017.0874328613281
8280,47.748754024505615,425.9914436340332,945.3048553466797,1084.4122695922852
1748,39.795819997787476,479.4424629211426,458.0230941772461,778.2843704223633
26121,31.842934608459473,324.0071620941162,446.6638374328613,619.0312080383301
4592,46.221779346466064,904.6389617919922,68.46596908569336,920.1322021484375
34652,65.23101472854614,883.1949996948242,771.7735748291016,1430.7980041503906
6254,39.67329478263855,616.2828903198242,181.11500930786133,715.9826736450195
29284,59.06268501281738,1392.6321258544922,48.67372117936611,1403.2148132324219
5747,35.30968523025513,397.92671966552734,434.242374420166,680.7571792602539
30935,42.566256523132324,462.3726005554199,660.3453979492188,912.2202606201172
432,52.84932994842529,829.3918075561523,311.0557060241699,1024.0308685302734
32282,37.97164058685303,625.6368370056152,119.87474346160889,682.915168762207
13921,57.08237886428833,792.4800262451172,525.9103584289551,1148.5304336547852
8358,19.605795979499817,385.12107849121094,36.95448398590088,400.1646919250488
33300,48.03682231903076,369.8756866455078,1085.5486907958984,1132.617446899414
