itemId,oof
5,89.730108902621
10,53.8750727469201
13,36.11106293820242
30,56.720250254053504
32,73.0175457336109
48,49.12680404433128
64,30.218319315231906
78,91.88381162025415
90,69.17729134580568
118,54.77900007392971
137,86.46419927210862
142,158.36716814651479
161,51.11144751730826
168,61.592464437512696
190,68.97741084468795
229,56.580067817832045
260,72.30786454131363
285,45.63794370996342
286,112.54830749864516
441,66.6823842397854
486,60.83587556686897
511,54.09453395814238
572,64.54018642143161
576,106.83495341097807
577,51.506281998257954
622,69.46927270868889
667,152.45346551696437
678,35.180233287541014
794,163.9017081706306
801,43.09137997038324
813,119.78405617275081
843,49.37597476819066
910,65.86021553359892
998,75.25913734974559
1024,43.837257280179216
1032,34.022891630148486
1067,77.46923921249036
1095,30.621974698958912
1125,49.57887945670544
1147,42.752580028520086
1275,78.10141310351128
1412,50.36421456865097
1451,75.94029007281111
1467,30.06442349959417
1473,70.32717262650552
1490,30.26610341314538
1518,81.00970469185029
1571,47.35211042180352
1587,42.00687645575394
1614,69.15268419332949
1661,38.48408169801714
1690,49.90835600931859
1691,63.374499886091236
1751,50.44746467380047
1811,30.214614145209556
1817,81.10808154301718
1983,64.07057700895392
2001,108.97345228554434
2014,70.2288635167286
2053,63.39959283077399
2059,89.9755759453802
2247,54.57387558268318
2373,130.7173934131169
2509,70.52702777575927
2613,109.82613128921172
2636,42.39165546066966
2647,68.08902458942002
2665,281.6526917221928
2685,66.7807862992451
2721,79.91623347151784
2722,36.704607403248644
2746,88.36266479946433
2757,76.3692063499878
2765,64.26248096771693
2776,51.507610883855165
2780,50.973621336044346
2786,66.27067575515787
2891,92.65134175360886
2901,95.58087223847214
2969,161.66351915504237
3009,55.00311841175158
3019,92.67915699686283
3038,44.078232478201336
3118,77.25956644797573
3135,36.135740287449
3143,170.2104353932812
3146,62.912592738465214
3185,37.82437805782764
3281,41.8519632697352
3382,73.4678246516289
3412,56.64553460718911
3414,68.78720494815052
3420,49.54245786336332
3433,104.17440605480735
3452,107.51837333063179
3589,55.23266284967732
3775,49.93694121140027
3777,53.354701525191885
3811,61.67516651989036
3816,100.22261683595208
3927,50.33138837650063
3973,49.01720469659775
4032,97.83548647332654
4038,33.58638396553668
4048,139.20783547224565
4052,100.73588310977212
4094,78.59878920442756
4104,66.73239582502842
4117,48.549375314216796
4145,51.58236415408259
4163,61.82453751503223
4220,76.48978789275044
4236,47.74274480330262
4257,31.155538987490207
4322,30.604755062612742
4408,48.4741822166949
4538,144.61123007504202
4547,91.36542426975414
4549,64.0914838292495
4557,55.07524602370064
4570,39.185097574643855
4582,120.00779832526608
4584,99.10226943095569
4608,51.66094548632231
4629,41.43290573886371
4631,47.50254916907442
4752,66.029296526262
4788,104.15567904480457
4846,55.23361186151565
4878,65.30285164285176
4927,39.08455761003741
4936,70.92146133889997
4972,74.15826238493497
4992,59.76971702378186
5009,88.70725962038257
5014,55.373747481438464
5067,67.12640696802355
5169,37.353796645765776
5205,54.96718819241509
5286,43.935945773962366
5312,46.97131171290259
5389,28.67317317902034
5444,107.95266451290559
5447,126.08959986708186
5466,42.51675996343313
5471,78.08700310707889
5519,69.44883956032619
5602,137.74458399168046
5604,60.532723241843726
5611,82.27298605463679
5647,65.43531766291242
5670,43.39655646426947
5676,77.54713747348116
5705,109.77301164763593
5709,40.22682739099626
5778,170.15171797556619
5797,34.433274177084314
5886,95.01475561625927
5907,59.73809151893822
5920,78.28050471331369
6013,46.767319182732635
6090,94.65986000248891
6132,47.7146719670435
6162,74.85309362858682
6171,114.33975725231998
6219,46.10066528631766
6308,38.52903804453109
6433,54.599571951299346
6441,42.0667243561682
6497,75.03527136988974
6606,72.26795868868986
6646,40.819075642937776
6665,46.655105802092564
6736,34.283931677856096
6933,117.01716535600347
7010,38.52484715721479
7090,86.3457508027232
7243,166.1066610862432
7266,41.58469606944306
7290,71.31928793320512
7305,76.0998584422658
7394,48.37487938350005
7439,112.65609163774513
7458,47.883644025196624
7478,49.52249220988103
7481,30.77134279350215
7485,40.48333111916831
7535,56.19302448590578
7555,56.01386374629939
7591,114.86710320600751
7617,55.64046908432028
7673,80.04087205217613
7707,68.90025080176122
7720,45.144669585844035
7761,28.735291722119953
7815,77.8152841011998
7862,93.73383638895952
7876,133.185015404321
7994,83.52394949072719
8127,87.78307609713396
8180,67.17491316804919
8271,65.73419777605889
8288,80.4910732134179
8296,64.89112892317573
8316,63.103944278013735
8324,110.55987995451575
8374,112.86967427523726
8376,103.68004491084861
8387,165.7841018678792
8398,54.421113993329094
8438,71.24985790437219
8506,165.16968843084146
8520,61.96064191557746
8569,70.02607390919835
8585,111.6951534239437
8636,95.80919378880759
8713,75.54427363547454
8723,81.70477416655258
8747,156.26955805402193
8774,174.67752057504032
8836,68.70270086494654
8904,43.54203345537782
8924,89.05650508927458
8947,144.10775498520417
9014,50.43754993225691
9021,30.39074544275392
9027,118.25431502727695
9044,27.267697527258512
9122,69.40239158409233
9155,46.5220017654352
9180,57.99155181901386
9199,72.18510014033573
9209,39.8753846024799
9211,65.04071805182154
9292,30.161767487819123
9323,42.819441996053335
9333,83.5123529798265
9395,110.81186367768056
9407,52.31526810595816
9427,40.13123187662354
9454,116.22980100980013
9467,74.8294683692253
9481,133.91497803610608
9523,42.413306517903386
9636,129.04498944755184
9655,76.95676723835054
9663,61.613536129687915
9713,50.24633285256177
9743,50.08656403903905
9813,55.85592895537084
9880,90.80643181507918
9890,113.6738916424743
9894,40.33574173098417
9922,94.28674491815468
10004,42.1470215563495
10006,83.46173199205427
10010,57.792488693698395
10058,68.55646729893263
10167,72.88718240465204
10201,63.31624935349049
10255,54.08298929727035
10273,51.46508917482763
10323,66.03546685478159
10326,46.329664699067116
10358,66.45668616112704
10412,230.4021290640311
10417,122.94493321168862
10477,46.010702012834955
10521,50.44145259774273
10544,34.913099627395326
10598,55.004381504990164
10626,79.76631991044101
10637,36.731055145147735
10727,50.75567694648197
10732,41.75696874103843
10766,74.24454086312
10785,147.536893201836
10845,34.34972507291507
10867,43.46504287816624
10878,34.56763067556402
10896,89.82550742257486
10916,42.54028864411614
11031,52.98452299587599
11036,73.1732670861783
11109,143.0186780742334
11131,50.424113047318386
11174,151.52415258323646
11184,93.48318551766654
11212,27.905203365521547
11214,135.97599440247035
11258,32.82232944380565
11372,56.854907251589786
11383,133.46774588847745
11687,55.909304921526314
11703,31.086080569763876
11796,90.87961385788076
11805,39.833130999441465
11891,73.01281924928767
11910,77.95366911155595
11921,31.38357616554346
11938,30.38924277597979
11979,151.67479085744068
12016,37.13173755216334
12215,68.06790921328445
12233,39.46759717383294
12338,53.836444360643675
12371,64.02110567067491
12433,42.06506593751433
12466,42.73286071832696
12488,37.53956635302575
12515,55.366131994707544
12543,30.89513951129621
12564,113.92419401821296
12582,153.69588758464022
12667,31.096876507464863
12669,51.14053700721091
12677,85.9764301170621
12695,124.0614057625349
12701,55.12323310149202
12780,55.56228641958145
12788,70.07030203650251
12796,40.597805851638526
12831,88.26660392228933
12908,211.14832601634677
12975,96.17231169391526
13007,49.13926599882782
13017,54.73717584954326
13110,49.24835158611002
13134,78.302001814558
13145,72.97438242633443
13194,34.52979162357763
13209,50.29109503893607
13260,84.30276211562779
13293,96.85922965187812
13336,15.591086795958278
13353,109.68542884470772
13386,78.11622545246448
13438,49.3606282832971
13502,115.35103509426399
13504,63.32868077690421
13526,69.45170617357596
13623,43.35336111351455
13675,110.29302144832451
13695,50.89916179159706
13738,52.81583053760432
13778,71.6576737985325
13832,63.29146873437869
13844,116.6350533264077
13855,56.90319953840401
13862,62.809252287827036
13871,246.71061343224724
13899,100.47686510244402
13954,75.36830558916093
13967,61.3431916862228
13983,45.325689622223145
14020,60.87534867876128
14045,41.866945488863934
14056,217.9749233114613
14067,99.13838095707901
14100,75.3510064437556
14182,113.46253426912459
14203,63.33912908056956
14215,66.284428208114
14350,47.36732407479135
14408,66.35269405485768
14480,31.953282738496117
14574,55.23540070451367
14575,57.935540142634686
14676,170.09068126680583
14681,59.37700395178101
14685,37.02823839012272
14941,17.7878599570965
15026,101.93277245377325
15092,78.52162257192236
15096,45.549348327666806
15139,45.73689206808805
15150,73.9307955102201
15247,117.78298310461315
15331,112.91728978414245
15352,83.72633509849847
15374,40.64629442086858
15421,54.864970587278435
15471,101.68223191614629
15490,91.49343819862295
15600,43.79253143674041
15635,71.0367865770121
15657,33.28713565933871
15705,67.40658047692092
15722,28.5361396824152
15763,51.67373220549644
15792,56.53741420784167
15826,116.64359888241219
15840,67.43431679693116
15842,104.24287620518798
15887,101.33813831490241
15913,59.33341521747966
15953,139.150228220842
15960,40.13613645995491
15980,61.04091196909765
16044,83.5106862736528
16045,31.348857131598407
16066,70.23081265196116
16073,46.755781576145964
16118,51.04476235233167
16228,38.11071603656493
16236,58.519684331667676
16237,61.78221187688649
16238,171.50135038960778
16332,58.07614830638069
16356,32.37139106036734
16456,160.39008710325086
16468,89.36743727914468
16515,95.87634823090535
16538,58.84575566451485
16681,44.32778589665809
16809,57.018170597840815
16818,34.388122002166135
16845,191.80507370500914
16852,42.74295514631207
16891,98.58241754100814
16944,52.87522581995411
17007,27.477849642666804
17132,46.218214442380784
17177,40.93290983172428
17180,53.92097497274413
17190,59.22550876016868
17191,69.99126426504142
17194,80.04170987724771
17208,73.78438634790479
17216,54.971501793645125
17222,61.05713859439244
17240,33.97806895360292
17285,49.918972053643266
17324,41.23940405630075
17366,68.10768297518477
17403,146.4763328835755
17415,129.422111538253
17419,47.229080337783664
17449,53.560791343075906
17580,105.7701809687284
17591,44.468179577264564
17604,46.18176822905501
17622,35.30056542249784
17653,41.79152585743497
17736,69.6732775631075
17775,84.70501705181233
17852,46.97381552413752
17919,49.9191951476666
17925,110.81980353205545
17990,59.22213139342384
17997,76.95275109609871
18064,97.0921005742934
18093,53.2528324017486
18096,85.74508406782915
18120,72.40174634445727
18159,85.21744550221223
18167,36.0147308558992
18168,114.41284757561618
18232,55.85342663410626
18269,65.74350457670621
18281,80.42537715801248
18346,85.7186157488978
18371,69.18145624614002
18374,50.526413869882404
18453,27.796624711259614
18490,53.3424901560733
18493,56.108129455413255
18546,44.28975733934123
18712,46.399509696698516
18713,77.88161553873694
18729,69.54951802810314
18750,52.24959265182428
18756,84.2560012031661
18784,64.61972892775358
18796,42.7185441857544
18830,46.93223656351048
18864,104.73456937589584
18994,51.39414400495191
19022,63.10326902568316
19043,58.419417955682306
19080,54.29005248442449
19082,56.566322460842045
19125,43.21907460712654
19179,32.90596665985144
19187,29.309200920574987
19200,53.27213867501831
19229,43.19757619122879
19237,70.58200805213892
19239,127.22700498847009
19261,52.13579687503512
19262,65.1403722161413
19388,45.34543728820991
19394,31.447709488104813
19471,107.02787408488923
19545,31.616703118517847
19558,193.30015518206852
19633,57.63895441654519
19666,79.6070718618498
19745,48.91896972406985
19771,57.360724186494444
19799,77.47461287422792
19834,80.7567346566441
19846,74.69691213063494
19861,60.41425491361108
19871,77.18981305467308
19926,81.84697352171158
19947,80.208314033007
19959,254.70603033338335
19962,207.10364517234896
19963,55.066909926562204
19964,54.61159516341358
20028,70.85005130463541
20098,51.60746893727374
20243,30.733493387224417
20259,82.78897302030593
20270,65.86349586666739
20275,145.86038257318813
20303,95.21787491276001
20305,62.702675082580306
20309,66.32953938347848
20311,67.65531390528635
20372,67.56404690730605
20379,123.90431947592539
20383,118.20972609561797
20427,139.58936545475237
20438,128.15756107279086
20476,44.214368240793526
20483,43.2294323330371
20486,69.92969969102877
20558,89.80515847110351
20671,42.12126344481244
20710,93.94302001516589
20735,49.56287069239715
20754,30.545630826363908
20768,52.42191025764196
20834,121.9534529904298
20852,75.4896000857532
20859,99.60770833586616
20917,23.81047910355281
20930,64.89623852917826
20968,155.46824328260266
21040,80.81376535040184
21053,27.590429023748776
21067,128.36284392941212
21080,144.66122022377945
21098,75.31556233574867
21223,49.24265054026308
21231,52.8476952674318
21296,96.16785347844296
21299,133.40660069563822
21356,109.16639831644764
21390,58.657529949081784
21424,34.390710677965295
21486,49.310474383892625
21553,82.00450719391002
21563,49.579602516570255
21578,123.21363519271921
21605,125.49310635682909
21655,80.01917428661983
21656,66.98810118578923
21659,74.16351862781349
21732,172.95430263306156
21781,54.28180566760886
21793,53.18115005282904
21822,126.82798991422142
21836,132.27832262768047
21839,33.779339051068725
21997,67.53053332815723
22052,108.39429304734237
22125,72.92943542308517
22164,34.81278090876003
22165,46.08621219373702
22254,57.43741678079688
22326,75.90845745181973
22330,42.95476377315849
22331,63.01416405746993
22391,51.35465773216226
22393,54.06856990518015
22408,89.55917717670377
22413,160.3202052396202
22454,61.37880590725111
22475,36.91487763460357
22476,201.8486174317539
22483,29.102465619877606
22537,212.80569248852055
22538,69.0921833650899
22604,187.48896347583894
22610,31.477181449838884
22626,44.96422925869233
22723,66.8662924686072
22880,43.36655014095576
22891,76.72136601395562
22892,74.43531114147291
22992,52.78250664627132
22998,80.51726650275013
23024,54.013592687024605
23031,72.95793069058695
23060,34.97198050172904
23092,59.05581002436888
23104,77.40760911634547
23115,79.2141411113543
23135,57.823665078865
23173,132.09607042410465
23181,77.23114635528988
23259,125.40772900378622
23261,88.4174130148489
23267,55.73772289206514
23294,62.69146723489656
23334,100.87313988779887
23342,30.092250806908453
23371,29.81427459146347
23372,33.658116094505466
23416,40.508031780780065
23435,39.980948656474915
23464,215.58125123462844
23489,96.20758307903823
23511,87.9184476292327
23546,50.369958762021426
23561,37.15936939877475
23609,57.75289233387606
23680,38.831046672582524
23685,87.7440755015479
23728,31.46875861521806
23820,30.688522403519634
23835,66.26732974219256
23858,119.66873523872626
23861,26.154469202171008
23883,61.735023043805256
23916,27.71144549139924
23961,186.51301658202138
23986,100.45142744949737
24053,71.82148197301595
24077,237.5691118253099
24142,211.9408578469881
24164,52.859171576288695
24291,33.06989102966225
24307,43.26242500860327
24380,149.54689400458184
24381,51.88127212740124
24422,33.14736671560087
24450,30.63757571149985
24527,98.03744884923154
24544,68.8473425760029
24558,41.03091916824867
24662,74.12641979087535
24752,95.43163417194692
24763,42.01655549880971
24950,67.18787652233107
24976,32.43991744226638
25014,37.701939804203484
25065,82.31364515038568
25072,40.06385977691288
25080,94.19993459496797
25094,62.95135231717968
25105,80.44434698249083
25112,111.48797022799934
25135,55.95365350988307
25142,59.149032444033075
25162,116.74712287609522
25324,58.648284754737205
25399,74.65065132301505
25401,93.26598779055465
25489,38.57969650948738
25530,69.74182210946579
25583,90.35637613518053
25815,129.43398708986368
25880,73.12889156478936
25962,51.48037673261488
25963,84.13207516582462
25975,88.11964386889423
25988,50.79922280175204
26006,55.43309458844217
26046,31.6549328355143
26191,60.99892812282209
26233,64.877463616297
26263,57.633282561772624
26272,35.42355253080846
26303,40.30698699522733
26374,78.90346924412863
26391,65.83596746613786
26393,84.1385178375744
26395,83.52590484513046
26428,50.38211422200977
26489,35.46588389824671
26492,68.67887676033737
26565,119.53446245785878
26628,29.025081685125247
26654,34.30990681808352
26659,52.6139457249909
26760,102.51162005239253
26839,33.02169950092828
26853,31.14582307717249
26858,120.65065670012197
26881,49.63498530219683
26888,63.03414843803885
26930,40.54261486347942
26931,44.72059027489275
26967,62.818925441861126
26973,53.486440318126576
27005,75.18525749287639
27107,50.48993602146394
27116,67.3452414483518
27121,85.42515186080777
27152,82.10864347591153
27233,68.60146788836103
27245,39.808565167980866
27312,45.695546057806396
27341,68.40713834099131
27396,81.27810492110822
27398,64.18721289616737
27420,94.53253917968495
27546,62.88433548034901
27559,53.356476616076996
27571,68.24220887707585
27587,49.3187547074265
27601,27.862449886399
27603,54.24693700338029
27634,106.56637040835565
27645,57.3972435495738
27663,125.87981289931551
27714,75.56162329048117
27762,81.21268118499863
27795,40.08915644429795
27956,66.4883453709581
27958,56.96440016110203
27959,138.99066886827555
27969,61.27453000911453
27993,129.83626986653536
28021,25.423583228872484
28030,45.68956113495897
28096,32.28389413029468
28172,63.91562099056656
28183,43.20760423126565
28195,64.46183484905266
28353,46.10874978874419
28398,41.325723756073316
28422,80.80764869342788
28464,53.46122278528765
28469,103.8690565003822
28478,41.90767464269978
28560,52.1797278690553
28594,55.04944942485423
28597,14.873012209811083
28677,45.02542935702217
28736,55.71228567578133
28739,143.927819772434
28802,54.039676562585505
28804,128.10485762335398
28831,27.933275929878555
28915,75.41880882669074
28917,67.61862929426854
28965,44.03332374362845
28987,135.51695987700361
28998,176.64473398067463
29008,105.98346197221863
29012,29.610746941796226
29018,27.21179660968707
29123,35.440022700002935
29141,44.97152905113406
29164,66.9463162134776
29167,60.25370818020822
29174,54.64678712853476
29178,71.8913976898097
29182,76.57123696643234
29200,82.29013870998287
29236,71.6149724260249
29237,71.77598060464452
29282,134.82894016616635
29286,42.81056022792923
29498,36.468289196074345
29550,10.906856915964255
29563,80.70952955285163
29585,92.3565044827393
29593,188.64317301240627
29645,35.751745668229006
29669,127.15014124741737
29780,85.9836258394677
29854,86.39633026144615
29906,57.79146450786037
29956,60.53886843995538
30034,86.89791934111746
30089,36.68777916306078
30093,24.303256195170093
30097,137.16915224123852
30112,62.23920106120943
30121,64.21744640586249
30200,82.95666587351914
30204,53.17327004748278
30215,38.22448061558107
30242,122.77452373828157
30247,110.58894546932609
30274,103.60201442127175
30315,79.11228616724448
30437,98.56892489688765
30510,98.52363888755661
30583,81.151290363277
30615,23.54532945995273
30683,56.354475141963725
30699,34.20042782627762
30724,31.079835741192092
30742,110.33076586551971
30796,74.48237461099419
30934,80.41356041999836
30965,56.90492547127218
31018,52.35671588422376
31033,46.88005884920453
31045,119.94555461531462
31086,29.3388228962523
31098,62.67837562126976
31101,38.55139800895841
31168,67.92931986473668
31182,53.85005331994046
31229,63.50072574281716
31252,38.7749750390768
31292,56.63797126940121
31297,27.482988133476614
31331,32.196900701510344
31392,81.01925815757244
31398,48.2853334275057
31443,24.234490254338063
31515,47.99895819713754
31556,40.839114983993014
31561,46.281868563866254
31634,67.34273082033486
31641,84.38319979931212
31700,75.68232587593238
31749,52.028667373140586
31863,66.77619428653091
31881,196.9757264731112
31932,31.46882546123875
32004,55.76962278953055
32050,129.26156896183042
32067,109.66882379253435
32101,46.79362847646324
32106,55.79002340471301
32119,36.02726275079976
32152,131.70508279473694
32159,78.08290119193212
32182,41.09371492427879
32264,45.45194974327168
32281,31.257471348975077
32303,96.2501314036733
32310,36.97052732675686
32337,91.8175562216485
32366,40.26730920568688
32387,25.725083217984295
32415,92.97854965401233
32431,29.941106572193377
32442,49.86388057973161
32477,37.76031866309111
32479,60.321000385447576
32493,71.49080513741197
32513,76.61289950248266
32551,54.262100871422966
32626,109.61522952019577
32631,41.59397818692038
32641,192.12238088764508
32701,94.53309116063382
32714,44.87859373912794
32764,84.71180821292103
32798,68.14171530055175
32866,26.91800186359963
32888,68.49155434425236
32928,35.37649081770989
32954,54.97313391857406
32988,95.72963254908991
33024,92.35184530041651
33046,53.82290165724301
33081,70.55749447366391
33084,52.815338110167716
33252,51.423396623858174
33259,104.91079499313457
33275,95.10055143483243
33304,94.86029629403735
33357,56.074260329345044
33434,50.68765499588844
33518,43.32202577433321
33551,50.592973832609836
33598,105.19298996792314
33651,110.05202500282063
33665,29.14466162316959
33682,52.78022967658079
33690,80.1866643212677
33743,62.898744931887336
33764,51.13440240032597
33804,52.427486960738364
33858,48.095164140140675
33872,54.840655927061015
33896,83.85469505549902
33897,66.45495051481132
33942,51.87083172327549
34114,58.6974516639114
34115,54.336309067055595
34151,52.755587890338234
34163,36.796036896893874
34170,51.77946612481265
34212,126.29894612704376
34214,30.069909276703488
34245,70.04184898873547
34247,50.62272928016155
34332,70.73080959222483
34339,52.21848292257393
34362,97.8598374200082
34495,35.31129064613594
34508,65.21379170542518
34543,70.45904381333207
34614,42.17180049648795
34667,182.77000919373165
34774,140.99020440325376
34791,60.738208365848564
34824,73.73065561504816
34910,16.187534210860772
34934,51.66101339102281
34957,41.11188972316679
34973,63.24293735661832
34990,47.6548569298879
34994,83.40256022227622
34998,39.262105293945375
35081,53.450451879719026
35102,87.48308609386838
35123,73.23651738986803
35131,135.2702240028226
35187,69.37683961625285
35189,70.106857727785
35223,176.55481117189717
35341,62.69482541070275
35360,41.30841681698435
35388,45.87956121213605
35470,39.38039859688969
35476,54.81407947032961
35492,66.6655483591904
35648,130.09910979436117
35652,78.42993660385926
35684,143.1644641079795
35699,75.64853431875517
35703,54.79615696183385
35719,96.00648464546543
35738,43.10094193892556
35799,72.42710678140048
35851,39.1279698915455
35868,49.718455207127775
35873,80.01122175524304
35962,61.408411285128686
5,913.5451112115913
10,543.4757773042828
13,582.0126827505395
30,370.50173968343597
32,393.0027661906647
48,1032.498039971294
64,411.029923082025
78,205.91646062707883
90,250.2942977882914
118,1102.5709272767633
137,715.4712896625188
142,307.4412111058624
161,815.5539907282529
168,474.94075832617006
190,742.584134385817
229,360.5003693717666
260,727.1833532190758
285,340.2379403278454
286,92.75563102014554
441,581.0771240346027
486,694.987624200309
511,781.7538969040395
572,1092.943058620629
576,453.20151232622084
577,1028.2382724495715
622,777.8456300873279
667,139.03308623959302
678,590.863742919499
794,982.0435515345835
801,687.4132486965323
813,968.2979789424726
843,983.3677295044506
910,710.3489211146444
998,475.7645253614545
1024,615.1376306201821
1032,432.61267842277965
1067,646.1727476394111
1095,599.7073526631666
1125,609.6635789850311
1147,654.6506029736778
1275,570.5000945076172
1412,294.54942236749366
1451,177.96551372774007
1467,447.6589884386264
1473,893.7127537414235
1490,442.50796284551205
1518,401.96228858717495
1571,756.2629170047998
1587,717.7970806557291
1614,905.1933602430146
1661,495.527990630956
1690,490.96873486250183
1691,282.7817027111135
1751,526.3610922462175
1811,502.49935123039467
1817,411.8506337984033
1983,727.3012014493648
2001,825.4784012500431
2014,559.8811814655045
2053,864.6788879600009
2059,1085.8813381998968
2247,295.83846961124294
2373,650.131809173831
2509,723.4502514006019
2613,842.4506495103398
2636,748.564656925716
2647,1080.553623901824
2665,682.2550587537453
2685,873.8363926941967
2721,827.0948273076718
2722,315.7699239984662
2746,392.89297080674083
2757,777.9978548044221
2765,801.5379294104213
2776,145.2195868779229
2780,462.16790447393447
2786,823.270157080645
2891,725.189271432295
2901,652.1187353690062
2969,260.59851526288486
3009,1074.6394471367435
3019,615.7600258954327
3038,570.5579094258771
3118,1058.9828702503892
3135,155.75249251782245
3143,208.7087989469958
3146,761.4380767931872
3185,232.38685462400898
3281,259.91097097157046
3382,960.4009913437563
3412,836.4931905304378
3414,1025.2262201440603
3420,652.8319129226807
3433,613.9484442293549
3452,132.84377093451585
3589,727.2857142865881
3775,578.0143571441586
3777,104.90546283407751
3811,1113.2034605289289
3816,938.9441006106209
3927,522.8302298809081
3973,940.1689426472445
4032,849.5162570952266
4038,507.563137588906
4048,711.9438056120894
4052,399.7372281441139
4094,572.429022473468
4104,222.22386357059048
4117,676.1689482716404
4145,340.12160546140313
4163,721.9968170113998
4220,531.9745848718492
4236,173.0156785438589
4257,634.272111316356
4322,360.4537687176639
4408,842.247726200148
4538,882.5007702587
4547,367.9183908055038
4549,1022.0797366082977
4557,909.0175165019518
4570,610.220263623356
4582,411.11715149127764
4584,742.4792789132601
4608,284.8933091805285
4629,527.9298467460449
4631,748.761792164554
4752,775.2530013708
4788,881.2268106059946
4846,717.0568589513027
4878,720.1490074570775
4927,891.2965220023918
4936,246.10308586470578
4972,550.8464042771004
4992,781.7157974259252
5009,267.5967315497007
5014,316.1363135032695
5067,642.4011552518372
5169,773.4951503964985
5205,709.1001694424276
5286,715.0642612372831
5312,812.2907563531943
5389,455.6260121246681
5444,171.41082442707867
5447,638.2794602113537
5466,474.02616927864347
5471,1003.9737592995901
5519,1126.1770646909363
5602,554.5677250593944
5604,371.070256423436
5611,823.2567881342235
5647,638.0361910081544
5670,316.66156404957997
5676,909.3981191626095
5705,1145.6371154032242
5709,322.6407185022727
5778,795.1404421081988
5797,288.1415132200455
5886,661.7722987318909
5907,235.26703897471162
5920,698.4955573557991
6013,924.8821257775621
6090,518.4003475981038
6132,626.7783760501998
6162,780.7077147368783
6171,456.02838766755315
6219,448.2423639743771
6308,446.61410695578815
6433,935.4445118154641
6441,273.4144062151313
6497,1135.542087513245
6606,259.5976927352649
6646,524.006025901542
6665,840.2891424352187
6736,482.4506096909447
6933,844.3851071825901
7010,430.0640034786773
7090,806.700779070492
7243,585.0725092193608
7266,366.0886585566044
7290,567.5581372858251
7305,878.5423192574538
7394,987.696232572254
7439,216.68421724421435
7458,730.8271149583505
7478,570.5610532782024
7481,552.6390777669848
7485,753.8040609533584
7535,343.8304428277383
7555,1030.4756036143194
7591,241.85320804071193
7617,788.1732135021041
7673,975.5178534917084
7707,996.6619285009286
7720,786.2070317730518
7761,448.3128017680734
7815,188.46894078521822
7862,247.06732580693645
7876,355.53823099152896
7994,646.3276759601299
8127,524.734953099503
8180,782.0465023930064
8271,522.9005448651596
8288,483.1116350817244
8296,559.8522106768255
8316,766.9396364866953
8324,665.1854590605801
8374,634.7961112958278
8376,644.0723309031393
8387,803.8167069189557
8398,1021.2409251777203
8438,897.1390517581242
8506,414.73208900241286
8520,693.3791653030165
8569,419.3102712727626
8585,636.186755501661
8636,755.6395301657274
8713,645.2285978375827
8723,701.1784965838821
8747,641.1630141309901
8774,974.8550951846996
8836,837.8644041716125
8904,338.27113344760596
8924,702.0123922246711
8947,696.6047593439908
9014,909.0409557513328
9021,319.66658700692966
9027,368.7476196822544
9044,249.7776190186697
9122,386.2328364309391
9155,151.29153174534767
9180,727.2590543158391
9199,825.3168015265383
9209,555.6873875900932
9211,189.91229964089473
9292,459.7958831147183
9323,521.3457057536191
9333,1188.4357738697863
9395,1072.242285883404
9407,953.6543571017845
9427,426.19046589785
9454,240.45928764877547
9467,720.8826770148333
9481,264.0429389674531
9523,849.7351481561155
9636,539.9708239557004
9655,913.6274505001282
9663,590.2533586467941
9713,609.4811626557237
9743,477.87205143742113
9813,953.7996138496468
9880,253.8975104123095
9890,989.8187768031645
9894,308.4050802218754
9922,626.0326304330376
10004,631.243173510278
10006,654.0072096435955
10010,617.2951192800549
10058,885.8583184191918
10167,786.5611441180805
10201,241.13576696168175
10255,1056.9879754197932
10273,532.3165573264275
10323,793.395077291328
10326,419.86319502220795
10358,479.7654399328935
10412,689.3182734719708
10417,586.0281951347474
10477,724.2424175150275
10521,840.753084001175
10544,539.1622527704258
10598,481.2476433126686
10626,589.0894873683126
10637,276.7000372911814
10727,481.4910559581009
10732,500.195190732305
10766,203.8871829010925
10785,891.6118158189063
10845,570.8273405353107
10867,700.9150847978241
10878,459.68278354708673
10896,406.56079997700635
10916,740.9679668805716
11031,810.4306752187822
11036,764.8300266264753
11109,657.6872863516545
11131,730.2182396244762
11174,901.6315207748617
11184,500.22108619184354
11212,467.843125095179
11214,187.63610636103306
11258,566.9549396892171
11372,439.2928124913232
11383,309.40256521575185
11687,708.642743372065
11703,327.8435518443586
11796,1074.6090795869488
11805,509.8429831368482
11891,754.9284379358305
11910,774.4180747623507
11921,627.6778333787319
11938,599.0684799852622
11979,920.7583951443848
12016,710.8770376755119
12215,975.1503084510342
12233,428.0415960845095
12338,778.8323305990153
12371,954.0417578400682
12433,574.8203688839129
12466,461.6891413870822
12488,308.1573879368839
12515,395.55791583711886
12543,642.5661261455909
12564,635.1208243943913
12582,756.1238219824863
12667,483.1305322057764
12669,742.193074950423
12677,831.9699626023188
12695,265.61585107491203
12701,856.4749212805672
12780,947.8072611099311
12788,582.9813220398619
12796,679.1140724398829
12831,1047.9356876400923
12908,594.9726082704109
12975,928.3285261593669
13007,864.8442777187348
13017,654.324594438462
13110,425.09108292281667
13134,840.078001446756
13145,699.5830142707111
13194,630.9585979661211
13209,779.5482713088838
13260,734.2447947537835
13293,395.973775691869
13336,193.57947527260058
13353,283.5081826532355
13386,573.1598412877055
13438,1054.5762713423956
13502,504.92273438942357
13504,768.2360613569537
13526,384.2630386855181
13623,614.1389619577542
13675,853.6165749962682
13695,880.40265112181
13738,315.45728223437754
13778,1038.2292785452407
13832,360.5177177611056
13844,949.7490391585764
13855,1077.4703010806431
13862,1038.5029688479476
13871,663.1344954213448
13899,838.612621716696
13954,414.15073715579615
13967,1001.0098744986522
13983,693.1264366658035
14020,966.0677270606707
14045,996.9106537967881
14056,638.7899100157309
14067,170.71940519845992
14100,788.1210240264481
14182,821.9869078903064
14203,1088.815760534441
14215,941.7511375601057
14350,497.3166566289884
14408,1098.9873718911003
14480,447.4358350383138
14574,1192.2780480784436
14575,839.4948741101234
14676,544.3395109500311
14681,985.1779247527915
14685,827.4054598628517
14941,308.7239780198589
15026,756.1877262519802
15092,284.48476438704733
15096,838.855132856461
15139,512.8805964090743
15150,397.81936334016916
15247,148.1307795048471
15331,648.0259425328776
15352,736.5927315349788
15374,766.7253796129108
15421,296.064273043623
15471,348.4401162177505
15490,711.3558363204186
15600,534.4942750849945
15635,871.057564433056
15657,223.75749522639842
15705,250.91527138873516
15722,332.8872570520571
15763,307.433792740641
15792,515.1913268426848
15826,189.1738329769377
15840,636.852107463387
15842,210.4032576989101
15887,596.8860989715849
15913,724.6436408829783
15953,765.3183760307172
15960,466.31888348376185
15980,628.2780497112478
16044,682.8163751177827
16045,130.6024780056815
16066,726.8856856399027
16073,522.2951968721203
16118,774.9807199412853
16228,357.6312282944446
16236,948.376994978876
16237,484.24684568638156
16238,501.64864975577564
16332,626.9769170269547
16356,448.6541040617739
16456,452.3693889994588
16468,853.1337525311271
16515,207.3269845537649
16538,1046.336035635365
16681,573.1312291568449
16809,1001.4002651359889
16818,511.0542048299603
16845,744.0892777708294
16852,701.0957722700675
16891,901.9794283596108
16944,769.8994094771847
17007,368.8096564072391
17132,899.8375450934303
17177,720.3671944374807
17180,688.1533887636633
17190,950.6792558995118
17191,1050.5429465749542
17194,173.15909267555415
17208,904.5705607245586
17216,760.4695850315433
17222,658.0195000563492
17240,433.4483704575594
17285,875.6472337305443
17324,766.7456432151287
17366,921.3387857671235
17403,210.58861315342855
17415,689.1535404606412
17419,741.426568770875
17449,902.7470030646534
17580,476.2710278487615
17591,595.9870862125532
17604,470.673637409153
17622,256.4975435297302
17653,589.8446609942711
17736,440.1350068668059
17775,598.3308300845364
17852,950.5052674356685
17919,621.2832239328058
17925,596.1377091711101
17990,771.7528595779656
17997,903.9693543409387
18064,445.21961106469945
18093,481.19167359292425
18096,562.7873149187956
18120,946.942815157376
18159,868.83997939084
18167,513.5981889535909
18168,701.9092241360642
18232,485.2872054990693
18269,530.1015315504803
18281,795.6403323094515
18346,727.6731033348374
18371,907.2246004973313
18374,548.622929587597
18453,298.75573562383664
18490,511.31049467531824
18493,383.9410343514728
18546,783.3065052878932
18712,592.5636925171824
18713,158.85739582239066
18729,910.589843788794
18750,195.3170646436893
18756,722.420830848781
18784,487.08017903949934
18796,457.8179324259681
18830,537.6726569721727
18864,408.67887874939606
18994,259.3122695088792
19022,1051.3736522873817
19043,615.7984300628016
19080,800.99047905492
19082,971.3195760381163
19125,414.4286151229752
19179,486.9174023092952
19187,304.1709805135207
19200,432.1566210670774
19229,811.790669255585
19237,725.6864669836598
19239,469.99485468777925
19261,604.2510990335908
19262,699.3405991237555
19388,969.7131428859822
19394,391.7187462776712
19471,290.0601197229691
19545,407.9783312146516
19558,802.2427027602507
19633,793.8999651624782
19666,143.67064129662765
19745,338.692413728865
19771,748.0336411704263
19799,1141.408036105209
19834,405.1505682667071
19846,369.1151307945647
19861,1043.0675546567052
19871,605.1860649308289
19926,875.5971699218494
19947,938.5640086746979
19959,639.687120042892
19962,775.0020916564799
19963,469.53022587813103
19964,992.8890112095454
20028,348.62212303163454
20098,739.2025699361819
20243,226.24781584179536
20259,1005.9023177557481
20270,463.95707085105806
20275,614.8493146478214
20303,174.52007205860886
20305,646.1534142354807
20309,579.6997547220956
20311,1071.9363118947679
20372,678.5323791572721
20379,291.5310738833332
20383,416.6550924558685
20427,761.5770558139085
20438,625.784238385451
20476,483.3113092675822
20483,398.05429129565596
20486,639.7070289082299
20558,1057.6780600372504
20671,725.2541940349109
20710,529.8393809717221
20735,541.5008861605033
20754,308.4858364237373
20768,445.77194555432527
20834,219.63912439045222
20852,646.5766228072553
20859,493.997698180309
20917,375.7582332080056
20930,654.6369796620461
20968,540.5097065591272
21040,677.9574522146559
21053,483.123181215812
21067,473.32806219053754
21080,461.93057813354216
21098,575.7284784078179
21223,601.5262219548165
21231,705.7448723080174
21296,770.3843147193919
21299,137.87906753395185
21356,186.191939148471
21390,862.4938772265142
21424,568.4855065228801
21486,721.863952768311
21553,131.97993811949985
21563,516.1003461893389
21578,644.363889764199
21605,856.4409671764523
21655,906.5359146653759
21656,779.1630511374085
21659,838.0258973356283
21732,829.7387244472013
21781,961.3228680120421
21793,678.5040031091401
21822,390.98335555416253
21836,362.4022050857175
21839,387.8960758152751
21997,880.1391687712871
22052,636.1074399517897
22125,807.0298809377032
22164,356.9731513676112
22165,270.8623811147008
22254,1189.8083689101888
22326,443.9601148443395
22330,828.9614356813337
22331,791.9790305204011
22391,484.21804011445744
22393,446.37000298781334
22408,307.959711523864
22413,868.6100908864637
22454,840.1303953257393
22475,658.1608118310606
22476,841.2120432601914
22483,744.4784375616468
22537,676.2638987473075
22538,325.16151684636935
22604,924.7554222921801
22610,478.13058601540143
22626,489.9125120794457
22723,425.91771609551324
22880,726.9518060821828
22891,1054.0697722496961
22892,664.5809019455833
22992,919.3652221863506
22998,584.8811194179704
23024,520.899830408137
23031,293.8966303221113
23060,459.69908855833205
23092,827.2550818186257
23104,1107.4936403949878
23115,369.2238819957762
23135,438.7649726376834
23173,488.01355479318954
23181,864.2279405882916
23259,741.3585893853939
23261,982.7666222879958
23267,819.086133817307
23294,372.0977166112949
23334,646.188291582519
23342,513.6724705931091
23371,468.8332703980235
23372,527.1802441327269
23416,741.4483930926767
23435,568.9036079207583
23464,602.3690630463136
23489,241.22432992827925
23511,1080.4458209370173
23546,752.8351542685316
23561,779.9790899626872
23609,604.9014163452716
23680,827.0237331362168
23685,582.7857682259718
23728,592.5473967044559
23820,1147.6027890119499
23835,900.928635820519
23858,1114.8906504801726
23861,380.48108250294194
23883,386.3668504609192
23916,319.700320370595
23961,730.8834116368236
23986,183.5345852099441
24053,834.4088814939876
24077,872.867412032952
24142,751.4950485983778
24164,527.8800384168874
24291,383.5724372788084
24307,377.23965223292913
24380,872.649340765582
24381,302.8926589151742
24422,378.0513125614055
24450,447.808484577163
24527,706.5459615065113
24544,733.9939888890451
24558,609.9707700621295
24662,1255.2662311317358
24752,1074.3549901667814
24763,877.2161434639506
24950,432.95517704062496
24976,462.2050377471573
25014,519.9430591211677
25065,552.8871686198972
25072,396.6063504933149
25080,476.36740407634574
25094,623.0033297459397
25105,314.96513298154025
25112,606.2720886336053
25135,1065.7631772442196
25142,1252.6664478027546
25162,688.1922100784058
25324,1032.7805519919164
25399,194.21822206967067
25401,517.8516411268947
25489,510.55113864884026
25530,149.31957439762076
25583,617.7218844798067
25815,505.87878007625426
25880,890.7753437366936
25962,376.241346268299
25963,1028.132989784541
25975,757.9957357422993
25988,852.8005684848993
26006,809.449035794258
26046,309.346070600922
26191,320.5004568515346
26233,694.4807729013378
26263,205.5848615236353
26272,388.24977604665213
26303,275.779423486776
26374,510.4245969691779
26391,555.3840551344506
26393,462.3575780415462
26395,850.426040519846
26428,841.9242692896448
26489,583.8919285054232
26492,727.7741148719718
26565,832.7993967434063
26628,601.8519148412931
26654,583.3744642369206
26659,588.6287356995618
26760,497.78148365996435
26839,504.1552854275342
26853,340.45140755348916
26858,159.1500829682132
26881,712.7227393903742
26888,285.36738670933244
26930,465.12500215629973
26931,325.51253880263
26967,748.2690720641582
26973,1012.1491017696325
27005,979.5865640072241
27107,529.3839500523177
27116,606.527497452714
27121,303.95710961485366
27152,743.1089705688978
27233,780.2911051378858
27245,374.23794900698687
27312,391.6732537414935
27341,1004.1637470780297
27396,813.3767373436631
27398,393.25241331702745
27420,161.06811272139745
27546,813.1094595245049
27559,797.5997241047436
27571,801.6699250892527
27587,376.15089090318935
27601,580.4862865260965
27603,639.0490831778177
27634,675.2508557161742
27645,397.49012640650943
27663,738.6062184276669
27714,465.13501894965543
27762,256.21255411532206
27795,1003.0902450145721
27956,797.2266660602018
27958,349.29319735828955
27959,409.2511400157059
27969,414.7225964904454
27993,511.9141950257411
28021,486.3612246013854
28030,713.2689504871155
28096,438.49042356479083
28172,249.3582898928244
28183,311.40348378355714
28195,815.3017311900348
28353,491.14587420371015
28398,703.7740563748835
28422,897.4241706586034
28464,281.4572131963465
28469,309.24941287548955
28478,885.8744179660497
28560,896.2657582476062
28594,893.1239286809363
28597,358.13484261472826
28677,497.51841928502745
28736,756.7826581689158
28739,945.0679821703255
28802,1134.1040923277642
28804,265.7500359133346
28831,526.5989568984703
28915,809.9641716997088
28917,213.85943955637222
28965,351.59807055946845
28987,698.1897762862997
28998,709.9057536258427
29008,380.02021647678293
29012,515.839331753669
29018,270.04418443560735
29123,494.36059232043226
29141,866.639972324962
29164,298.3919718903277
29167,678.848086166276
29174,962.4152448602126
29178,754.9506617303564
29182,990.069585774188
29200,220.89047998581816
29236,413.2447156831225
29237,749.1539109545939
29282,505.5975404354814
29286,599.6203793319514
29498,322.0436753029891
29550,275.6053632144389
29563,948.4242797869077
29585,802.990573931367
29593,711.6506372086386
29645,525.3455425090422
29669,517.2349709443092
29780,1161.9343367271645
29854,1035.0048119563066
29906,938.061897353293
29956,697.2380248801599
30034,600.3788905976946
30089,392.41241673174915
30093,972.6828074848469
30097,149.98383896582595
30112,408.01068084779723
30121,446.85255817355534
30200,873.5039668825221
30204,1054.4589195902088
30215,337.58073440854287
30242,1023.3544747384174
30247,720.006196030544
30274,785.6352405880378
30315,554.4328346712647
30437,795.5575242450784
30510,757.637841614043
30583,558.0618389405191
30615,481.2354932090045
30683,1101.1893967300277
30699,495.9403673506317
30724,189.2329388381493
30742,540.3392158218298
30796,751.0704839877662
30934,695.6692128251735
30965,313.0999824165062
31018,571.2590637181478
31033,959.812545225057
31045,839.774023409655
31086,603.7754137974387
31098,722.4134124415128
31101,774.7625015558745
31168,748.5707083564752
31182,341.6277223647763
31229,498.721053462243
31252,585.1651207931402
31292,163.9796604549101
31297,398.9610220876309
31331,862.4784706474294
31392,688.8555361263845
31398,499.79856717259327
31443,329.06498714109046
31515,730.8348342696285
31556,656.8292742507418
31561,344.0539586441532
31634,570.0761017312681
31641,433.29937790646005
31700,142.40188181773763
31749,1010.9112708094099
31863,455.47473769811205
31881,671.0940166719657
31932,266.8276083258849
32004,778.2560478740414
32050,938.6956608914995
32067,637.5849166585638
32101,850.7516715344677
32106,587.7137184621281
32119,596.1779050422979
32152,159.31189042031954
32159,523.0344374271552
32182,361.28518896559916
32264,346.60936501662735
32281,498.0463748261893
32303,169.00128251076245
32310,528.4071639656252
32337,741.0987497478473
32366,377.0643740878256
32387,396.74357116263735
32415,229.72383492181
32431,429.0079342496152
32442,773.9087105233543
32477,421.0043085592849
32479,212.84384269611292
32493,794.6800948391073
32513,766.2687327022942
32551,1167.329932987397
32626,375.0416242148025
32631,811.8744915570109
32641,370.6913317112782
32701,496.65025308428477
32714,742.1693513882956
32764,719.6328705535656
32798,918.1628510568798
32866,371.11520831388253
32888,449.86344738476976
32928,830.4229589647173
32954,658.0377712073931
32988,1012.1908437084477
33024,638.9605030793281
33046,1107.302784363603
33081,396.3660380608706
33084,661.2927240225061
33252,1071.8202989926517
33259,1163.051457861919
33275,649.019682633532
33304,1253.1419373614062
33357,899.5354607309945
33434,316.5110374361413
33518,786.2280144410571
33551,966.234561856442
33598,821.3812237309546
33651,420.8744950042543
33665,603.6349849805945
33682,513.2948901698817
33690,883.7877647656252
33743,943.5556265118314
33764,985.7318804698713
33804,502.88276689405654
33858,204.3224215970554
33872,908.1453911407898
33896,751.4100879817846
33897,781.2378935110019
33942,489.8745698863979
34114,1061.9119092477422
34115,736.0399416766771
34151,1066.6905555799444
34163,573.7390285589192
34170,697.9403208495787
34212,723.9205911730352
34214,347.23187834664026
34245,1036.3281965655326
34247,1142.1016006007105
34332,745.4770857760492
34339,556.9593578162405
34362,157.9313618521876
34495,617.3696975278382
34508,911.5190715203832
34543,903.1813059911208
34614,449.8847603936521
34667,790.9630591635655
34774,291.51211648538737
34791,868.6712001700885
34824,956.8605750947959
34910,309.5997441411684
34934,566.4083678119179
34957,980.9090639177463
34973,265.2178110073453
34990,666.2813860374486
34994,858.4092146700671
34998,541.327644620663
35081,993.3120849051808
35102,867.3251536088837
35123,1026.6511718890958
35131,567.6100597998218
35187,814.9617056866548
35189,460.77934164701475
35223,519.294003223091
35341,568.9009234894023
35360,347.10222850364346
35388,538.8672896771252
35470,567.6311998812946
35476,961.0715067698135
35492,695.7509693593634
35648,836.7537778190426
35652,222.43372825412928
35684,113.03853755861482
35699,649.0960544416673
35703,421.0699725282212
35719,603.240982652777
35738,596.495164572738
35799,810.4341818938881
35851,537.1097467465931
35868,604.6614131495206
35873,465.68963858833297
35962,468.28573069382503
5,550.1344409795439
10,428.92160142963377
13,618.9253185414624
30,313.8317599432563
32,380.4905788049326
48,168.44803953654525
64,264.9207268557103
78,651.2457675697632
90,506.9216366559655
118,209.36622357959965
137,733.7545895412138
142,688.8803936765482
161,270.2910254225389
168,496.4466153599486
190,686.8189508768363
229,647.2304051610452
260,501.19088739046606
285,360.0766402007203
286,686.2833390236577
441,628.5043475629452
486,403.01548293583414
511,210.49578244329885
572,739.589438594595
576,544.8337770943305
577,162.12493841125988
622,572.9812365690758
667,751.877789855893
678,209.54544731706252
794,845.3845815432264
801,229.76525282851804
813,707.8761931296224
843,75.19725001695555
910,460.3062953196645
998,746.9177721360302
1024,270.1051057419031
1032,215.38431711634723
1067,695.7018810083327
1095,47.13899812428992
1125,509.0135920776718
1147,178.46094589979606
1275,314.6832432165426
1412,802.9166320257858
1451,683.3054353587306
1467,77.44033730349744
1473,346.0803252327439
1490,63.85914734221517
1518,776.3489688680116
1571,197.04417757640405
1587,87.28245521318601
1614,786.346326770121
1661,76.63555732858785
1690,364.7023001886343
1691,477.2298506964872
1751,501.9501763983306
1811,76.7384548281916
1817,746.5617269818349
1983,269.62650956419014
2001,356.7592113386496
2014,647.1455793331841
2053,704.8189345917493
2059,430.3089879768442
2247,647.5987594516776
2373,791.3116470611103
2509,370.0297974157263
2613,366.5865983277794
2636,561.3275733979377
2647,352.0316251331044
2665,884.0313335003824
2685,384.76474044779985
2721,456.53925007546957
2722,327.4294984353218
2746,773.6770432076258
2757,490.4869379528655
2765,572.4647573085203
2776,663.1815351490654
2780,530.2507879696996
2786,477.0089176348668
2891,748.7631292006333
2901,664.6054287030883
2969,748.241771054921
3009,192.58288265332848
3019,621.2004672863073
3038,263.447872144378
3118,729.7441293628511
3135,589.2607887433701
3143,822.6320682078297
3146,703.4128168088753
3185,653.9890124337949
3281,326.58702063768544
3382,398.3248077110848
3412,291.0750117613512
3414,158.23034607686438
3420,261.6962166288719
3433,793.4579914877883
3452,774.421912731165
3589,188.50945832673744
3775,290.6637769439215
3777,534.3152205879431
3811,663.7760374034857
3816,453.4386206498066
3927,190.6608081725143
3973,101.2059309583253
4032,760.1096486312312
4038,46.45248869355026
4048,855.1515572201362
4052,694.8817680099642
4094,588.2179739610883
4104,534.6717878738078
4117,155.5339482365551
4145,681.8122410238599
4163,236.2119747552552
4220,453.8044043802319
4236,584.1696674518586
4257,82.19762896493829
4322,53.95369161109419
4408,84.70428154489508
4538,847.1399500153697
4547,722.8332309667431
4549,309.76217839992177
4557,108.65883816003509
4570,91.35106293631867
4582,805.4782880568974
4584,736.3984663557729
4608,682.0810898156067
4629,351.30675803243565
4631,357.6002296965064
4752,143.40011990510297
4788,780.1791686641952
4846,368.9185360631901
4878,622.7948996362245
4927,640.8978010700413
4936,553.1194231244045
4972,782.6560082843988
4992,274.5417690748972
5009,754.782218502688
5014,414.42554076333425
5067,706.3033940959552
5169,171.16101075848766
5205,204.2432503150531
5286,115.28378934904774
5312,89.35971441306218
5389,72.72943282480107
5444,727.6453534200923
5447,789.3368246783696
5466,171.49883421711465
5471,568.4484628154345
5519,490.3747161882806
5602,788.2667154470508
5604,799.1501257808952
5611,666.6819642997982
5647,758.3062923973682
5670,772.273838093809
5676,209.74314278046117
5705,572.0792181316773
5709,797.9362725978517
5778,725.473690942587
5797,704.5599153615781
5886,713.0348815309303
5907,572.7647127314967
5920,401.36192940954544
6013,66.34167242040911
6090,402.5782333773033
6132,278.6981609887665
6162,537.290716120284
6171,776.6758925618057
6219,258.78775035806507
6308,188.97031579492983
6433,74.077068061344
6441,421.71780756806714
6497,465.5597325236656
6606,622.4745288806829
6646,334.06293600453876
6665,81.2207604287011
6736,196.06493798093078
6933,731.1047130503823
7010,318.3117037713922
7090,374.95167881786557
7243,790.2537575437976
7266,372.9328423075425
7290,658.7237706260187
7305,488.4238592096609
7394,262.8015063121334
7439,762.8029757915983
7458,265.6677077541807
7478,356.26344291337676
7481,71.6256440896718
7485,202.01034345915411
7535,627.9894757633173
7555,98.43410614467851
7591,683.1108639940745
7617,187.02239408464422
7673,374.7447477796547
7707,174.8600464912973
7720,108.85967845865824
7761,43.95210648255512
7815,615.092840976383
7862,771.472599546459
7876,655.4002746892885
7994,773.7870532965856
8127,635.4430592559862
8180,644.777607657969
8271,510.9672035378833
8288,377.57612979935584
8296,608.008091997456
8316,307.9455714841311
8324,760.2479735529975
8374,839.8625319339662
8376,783.7266817251543
8387,534.3778107071438
8398,64.93043167061627
8438,327.2375210859478
8506,800.9467836734619
8520,363.7273310088674
8569,775.2427577337941
8585,767.5773317465448
8636,635.1683733685427
8713,764.546805506259
8723,580.2017293612613
8747,862.9838843179269
8774,766.0842810517491
8836,541.1040820075324
8904,345.092621904434
8924,466.7514536749668
8947,787.5196876504805
9014,84.63264511083806
9021,305.0862744515888
9027,780.7325907675416
9044,451.74245469939063
9122,621.0334712913533
9155,536.3083921701248
9180,393.46112239243513
9199,293.3778847246944
9209,205.5615492633355
9211,591.9821124475537
9292,218.30251950394694
9323,130.52042971491915
9333,493.3186834057544
9395,701.6467357083953
9407,116.31830585746599
9427,276.97789699464346
9454,550.3092752000651
9467,324.0188308699582
9481,713.9445788571661
9523,93.55345885885895
9636,870.7267950902165
9655,391.5364831216713
9663,420.5310892657413
9713,376.89099976422324
9743,630.7133215681267
9813,240.51565825549173
9880,459.8466479735957
9890,594.848288848749
9894,323.21036119562183
9922,721.0602218491401
10004,193.8565544901888
10006,648.135297969092
10010,279.60806719004773
10058,112.86875115330565
10167,487.30339134106845
10201,420.2444130415501
10255,76.47279817784413
10273,339.8198849223955
10323,241.79658206237758
10326,348.98514172662624
10358,525.7235011930928
10412,931.313004388614
10417,735.0460869837248
10477,129.3653751198519
10521,314.98203513036617
10544,129.77169434338046
10598,546.8792341576022
10626,671.2412759382436
10637,358.14027407494314
10727,464.8542644402692
10732,482.51124126305234
10766,419.3192115630933
10785,738.2135395224786
10845,105.52939740734368
10867,192.52722432075825
10878,142.691954942024
10896,741.726633870582
10916,228.87305447601122
11031,83.36238096583011
11036,408.2739976536259
11109,839.54515235271
11131,562.079715146248
11174,533.1961624382354
11184,354.48486806084304
11212,57.035526798279705
11214,826.4795443733834
11258,39.368026698192615
11372,383.53028561436895
11383,749.0676881848989
11687,482.39094065934523
11703,233.3272392328589
11796,789.2825687219257
11805,572.8155416752275
11891,306.9175358864949
11910,301.3393344042579
11921,307.99976664705196
11938,76.57380691536754
11979,591.1525933318006
12016,53.74750707852134
12215,161.3728841372246
12233,297.8789062135972
12338,166.8487417279964
12371,717.1962535757021
12433,161.5479189126885
12466,207.243125489196
12488,522.3768621131072
12515,447.8223301094317
12543,77.00397176195618
12564,835.5960730498689
12582,814.9563404022193
12667,615.3278970368674
12669,214.67290752291504
12677,463.01966946823046
12695,784.5747186091716
12701,466.9671219629748
12780,321.7129244087206
12788,372.39907831316776
12796,782.2741332449659
12831,356.78056531615056
12908,899.5987378054932
12975,577.5028450879695
13007,87.65304147927904
13017,650.7096438487982
13110,639.5511076849722
13134,259.7835953653259
13145,296.55202891090596
13194,113.40773737399405
13209,152.489693175402
13260,493.7152195998448
13293,761.9992896793315
13336,532.4754089377813
13353,799.0618532419805
13386,626.4724736947361
13438,514.3575869296652
13502,778.2189679910854
13504,691.3062451121928
13526,551.3976096168383
13623,67.6191068825986
13675,739.1552918511896
13695,313.28575537993714
13738,569.8126935970724
13778,332.86324986613596
13832,391.48138462596154
13844,746.0338443924007
13855,64.17354453893056
13862,141.02597085081567
13871,846.1626796907743
13899,318.64739505269307
13954,771.7347255426406
13967,384.2064018539605
13983,61.18489243997948
14020,211.09174659459129
14045,101.1797028086233
14056,750.8160647791124
14067,763.8033339456501
14100,761.297601601825
14182,777.821662713453
14203,83.52500866098684
14215,209.9207243796396
14350,299.40136245039696
14408,556.9686553090337
14480,628.5115785961747
14574,365.2039296521878
14575,158.13679013196347
14676,707.468020614754
14681,200.96002778373415
14685,76.09255122386445
14941,157.14191227795024
15026,884.3322757981387
15092,348.22066147918764
15096,88.94229111011828
15139,505.8217470038673
15150,534.5451300862879
15247,670.7152427918371
15331,594.4553381183597
15352,793.7762112082046
15374,190.6148233779813
15421,752.4111452215295
15471,536.977685979115
15490,801.921265634393
15600,163.266331331408
15635,548.0359895648071
15657,677.0673917425247
15705,602.7292237083358
15722,209.52444882242503
15763,739.1357051870837
15792,622.0114484260391
15826,812.3209805942118
15840,642.9538771160554
15842,749.4506367436592
15887,700.694972214623
15913,404.8403221601521
15953,813.579453621634
15960,181.25623072343978
15980,565.3486438037302
16044,712.0865768573047
16045,625.1008720283057
16066,394.21511126921433
16073,651.5821558807529
16118,217.6744956427321
16228,302.01929640802064
16236,284.1434018186655
16237,436.57118481280736
16238,790.4534369445981
16332,370.97708548463714
16356,621.1990077973339
16456,763.9259813487349
16468,565.7452550956432
16515,745.0583878247324
16538,76.36519964532489
16681,121.14106014706948
16809,504.1819257474959
16818,101.60340561793745
16845,874.9077563874392
16852,98.02995674192579
16891,482.19026336057107
16944,625.2239910083454
17007,631.0002863835498
17132,162.62870591684145
17177,108.74167046549503
17180,154.14483608338983
17190,234.31349160041012
17191,369.0734429039839
17194,498.1892563517158
17208,409.3482695669347
17216,400.5109121579602
17222,365.67885225599815
17240,208.4282853250382
17285,384.0732284543602
17324,326.1806101522092
17366,221.1375529588409
17403,779.3361424422833
17415,639.7927148763138
17419,184.4990901374472
17449,216.4909314137543
17580,773.0326033887671
17591,208.50433763556453
17604,364.0973215954143
17622,548.5081240300377
17653,65.69188518325598
17736,723.644865926655
17775,764.2648178821531
17852,340.8524914169709
17919,535.2203007906803
17925,795.1051609344413
17990,587.853039110474
17997,772.3158424734924
18064,803.4465737129332
18093,664.361779000026
18096,697.6780773944719
18120,231.34378613723564
18159,286.17679864931534
18167,202.4464355583804
18168,580.224549314176
18232,214.21369720716348
18269,364.2697802786028
18281,469.22549870855653
18346,692.9799257103239
18371,327.8860988360444
18374,381.55476826888105
18453,553.652764299995
18490,306.3098034157956
18493,471.4269779939105
18546,82.34476014123783
18712,325.00628370406935
18713,730.5794833758279
18729,289.7717004509345
18750,521.5183198993293
18756,707.1924617489815
18784,641.0068446665032
18796,284.81564098702756
18830,555.5934476326396
18864,566.9175028305009
18994,346.5138842618958
19022,349.6237489599319
19043,365.23354181454226
19080,747.7877206012104
19082,523.2846247124594
19125,194.60345234628227
19179,207.44499975330478
19187,246.53603301696666
19200,474.61755905251664
19229,378.53470689714703
19237,664.8437772956667
19239,821.9986400839286
19261,136.45425042697275
19262,137.87760649924397
19388,97.04509202345231
19394,306.1439988090415
19471,772.3601996349237
19545,627.377411946665
19558,775.2996338752426
19633,321.49747993326423
19666,768.5406064462707
19745,386.95707873895697
19771,540.125573994736
19799,312.35324290222707
19834,555.5307133313273
19846,695.4550998429853
19861,242.45877515674346
19871,627.1067762432062
19926,547.3450484071501
19947,815.0120907736909
19959,959.5469464246158
19962,793.7550642012499
19963,567.008095847929
19964,183.1278108407798
20028,534.2493375276501
20098,326.37565071803135
20243,510.7863343792757
20259,661.673787181543
20270,450.0476263832191
20275,854.5963885030968
20303,711.7946221005379
20305,134.4608005971016
20309,316.1795571824487
20311,725.5280054520941
20372,622.1579040884003
20379,643.9900840007706
20383,737.7881980339811
20427,801.4080311480074
20438,774.7833764701012
20476,721.8929309650173
20483,667.3698641000498
20486,545.5601235896708
20558,365.43381323430793
20671,142.62022084235198
20710,713.8964801796474
20735,388.48350883693547
20754,319.1300607766594
20768,403.70304798630696
20834,729.6263075336311
20852,727.6716409889813
20859,777.5474983995329
20917,249.36933016212515
20930,352.0400506641189
20968,720.4622054276788
21040,600.7909753733206
21053,128.2081642336275
21067,809.4189955932469
21080,758.5643619100714
21098,786.1786947387586
21223,282.3432053978272
21231,453.75794456786946
21296,503.13555475970406
21299,790.7573831819359
21356,770.7330358565995
21390,234.44659390797918
21424,64.0685403092323
21486,167.42870628862096
21553,730.6690290152724
21563,515.1545385983194
21578,831.1733694124664
21605,534.8606278905772
21655,495.1178192268115
21656,471.4693435174019
21659,696.6109069310879
21732,633.544671971711
21781,389.9283032873934
21793,757.7670823824593
21822,724.5983910726786
21836,662.5397188520176
21839,302.97312882455634
21997,374.74014827181423
22052,768.2196031906665
22125,485.12775160389356
22164,148.98545363895937
22165,445.0099354466943
22254,82.27891872538153
22326,442.11449470704196
22330,56.99091834118846
22331,306.0192870081106
22391,338.71246332319424
22393,511.73531629849776
22408,760.6745599793688
22413,745.2624971078582
22454,370.4455743074714
22475,172.9808717178866
22476,757.5653090113938
22483,41.79962080148917
22537,840.1739668880771
22538,587.8175924399305
22604,707.6344492441491
22610,68.28580656691264
22626,292.95204663723865
22723,389.46553694662344
22880,68.15122276932738
22891,295.4067404368653
22892,494.2688073604557
22992,670.1494690813306
22998,494.29465914753644
23024,352.09381654134467
23031,362.92670258744846
23060,329.96479498547563
23092,147.61259502368432
23104,143.86831272542986
23115,559.4273103212466
23135,417.71315052894727
23173,638.4179139989013
23181,320.98098037963223
23259,731.1981877845118
23261,313.87434158497035
23267,321.2013943513417
23294,700.8932100820474
23334,731.8844031895924
23342,53.63062174888606
23371,126.8523269657293
23372,58.6034095793204
23416,79.55903832014842
23435,184.63247328061817
23464,855.4406712239469
23489,846.0386750500197
23511,724.4172502274057
23546,313.05423407800004
23561,102.54641152154412
23609,287.3352355112818
23680,117.73219302970861
23685,708.0603052980988
23728,299.60845695042684
23820,357.85073663782185
23835,210.89405487044627
23858,573.8347514628957
23861,146.50374170375213
23883,752.9358334970386
23916,489.7371405337726
23961,839.5478828240881
23986,657.6102882054174
24053,643.32987421624
24077,788.9982600595469
24142,850.958570981315
24164,444.3351632479943
24291,219.90322297013319
24307,304.67169481618396
24380,747.2073675553754
24381,537.9572843001484
24422,263.3055043995615
24450,58.21226100478748
24527,796.3438229637092
24544,544.1111442876545
24558,77.07322330541986
24662,112.40689628317924
24752,622.3318226152752
24763,67.48043337616791
24950,369.1835444514314
24976,520.459158991187
25014,181.48938985278716
25065,660.9027002961317
25072,712.9362086566665
25080,774.4472923641958
25094,341.0715013405618
25105,740.4349702143792
25112,686.30968442511
25135,60.12922922819455
25142,54.918252128127726
25162,805.033655204045
25324,119.99233320815496
25399,798.6682453652406
25401,667.0952570602649
25489,453.6007675753441
25530,782.2179442943383
25583,534.7320578414185
25815,847.2651333513055
25880,321.7384285899258
25962,386.85816133878313
25963,289.91781324329077
25975,526.2740813688393
25988,122.97504240511799
26006,261.63433527001945
26046,276.4338352395502
26191,442.72489190296767
26233,399.9402919518669
26263,504.7609957940604
26272,580.7002866078933
26303,683.1875403835027
26374,617.2050156773599
26391,447.0785851884797
26393,536.1426257615942
26395,399.87206650806525
26428,214.21405710056484
26489,117.49298493251158
26492,347.71368419031285
26565,885.7808001816628
26628,41.236791531858536
26654,132.8135557208173
26659,450.4264939138999
26760,789.8704964042296
26839,395.90485435579706
26853,636.7199993542235
26858,775.8805473199661
26881,284.5781981112612
26888,716.9861093555777
26930,380.05095847099614
26931,420.0270019164803
26967,566.2299152481747
26973,557.1375244898941
27005,397.26447669778344
27107,582.9012758688655
27116,651.9372412138302
27121,750.3449442907597
27152,554.5829966090406
27233,573.1466005054235
27245,360.8089477829268
27312,238.1616591540944
27341,185.40922031288446
27396,759.8759518408684
27398,733.4897404768942
27420,655.0156233461548
27546,168.06709431328864
27559,382.33264321310395
27571,492.66472625449825
27587,614.9597616751275
27601,744.3334241094897
27603,291.5968770328201
27634,804.8548668646968
27645,677.5450016248678
27663,739.9887387339388
27714,645.7642759257626
27762,748.2288687860317
27795,337.65796934218326
27956,736.0635419116139
27958,500.875907876744
27959,663.5465085009872
27969,447.1057903958259
27993,642.5431310261916
28021,80.87349979761312
28030,226.3893093757046
28096,147.97817664335705
28172,669.7356528183232
28183,704.8630168022509
28195,268.0098580039771
28353,275.3442073366542
28398,303.99944437485465
28422,321.17765235291944
28464,431.459768633395
28469,678.8683256541884
28478,65.37732856471281
28560,505.2983747737636
28594,621.1323442558864
28597,200.75510881709374
28677,357.2800056424363
28736,248.45757985801185
28739,730.975992396365
28802,623.6919769767787
28804,848.0563747865093
28831,83.90609385239286
28915,339.7125803037448
28917,599.9824049712508
28965,373.0386853284936
28987,768.9815609097024
28998,854.7295179621987
29008,732.7605367094807
29012,42.0614388118734
29018,555.1777408696013
29123,195.07579727516566
29141,208.50362242524346
29164,765.819617080133
29167,507.42522979768745
29174,231.83073963701935
29178,692.6986458775001
29182,386.9250794741176
29200,775.0639066882236
29236,490.1435214911776
29237,614.5938841011207
29282,799.5129471480425
29286,126.5023725974948
29498,278.51953922922723
29550,588.0475441117187
29563,241.76684678153123
29585,771.4276609716878
29593,727.6200163735496
29645,48.56883079953476
29669,655.9416990380678
29780,671.353759390866
29854,363.75466776589775
29906,190.03397943538204
29956,292.8665016167252
30034,668.1021142731256
30089,307.1496165973679
30093,583.1001701399775
30097,739.9506570977932
30112,746.8646069735688
30121,426.0287217684859
30200,484.4789682612077
30204,199.0027036296023
30215,264.62585551281785
30242,649.7597904825424
30247,702.2220646370652
30274,574.6209524449333
30315,524.6463221493941
30437,466.8601493571887
30510,476.50411657623704
30583,465.75403297280815
30615,70.09702524316431
30683,117.97455736712337
30699,506.3044206296901
30724,531.9727059544614
30742,539.5743999204117
30796,627.5618037384402
30934,638.3747366172147
30965,604.6282212753342
31018,114.52658588922141
31033,57.000408080627665
31045,751.3444105893057
31086,110.12517177108913
31098,405.66634724462796
31101,81.76144088572536
31168,251.9107574935839
31182,613.0521311287198
31229,586.6290544558589
31252,158.8326512954021
31292,672.1368686284253
31297,118.27034216354826
31331,454.7446665451451
31392,693.9622904988041
31398,691.4961969060375
31443,278.1870391515483
31515,101.71241512406695
31556,240.68823836784327
31561,371.6526209977083
31634,557.6430849479368
31641,777.3284844898087
31700,761.104524623323
31749,67.68990227723486
31863,616.0928021295288
31881,783.138405623392
31932,650.143013184894
32004,571.0612121859275
32050,758.4836873350948
32067,770.3941611253994
32101,255.77088631683134
32106,598.3532618276375
32119,265.00381125585744
32152,663.6985992097476
32159,809.0150807913487
32182,288.36913140608885
32264,444.2979079345405
32281,65.87086840495199
32303,755.7902894986452
32310,221.2932491663154
32337,520.237683066931
32366,345.96969438484905
32387,182.5373552982191
32415,445.0516150242658
32431,114.78183973176007
32442,219.8125446020355
32477,348.12151141336193
32479,647.0551827966679
32493,510.38960673571967
32513,581.2905687405184
32551,80.54954847275287
32626,729.0345793145793
32631,68.07641923023333
32641,838.9611732306457
32701,745.2490116668087
32714,182.908014569644
32764,335.7807619518335
32798,281.48308382615323
32866,259.1509238453467
32888,651.7838321698067
32928,49.891863449471515
32954,364.3160351689024
32988,686.4266576196807
33024,676.7006303544296
33046,519.6628663434192
33081,430.8910260637985
33084,367.6903320566687
33252,378.7430669010386
33259,424.0188686587886
33275,765.371835503888
33304,502.0687704944841
33357,241.53983218991138
33434,525.0973675972671
33518,140.10448414100316
33551,177.84957456795135
33598,760.0780975273437
33651,815.8941226203007
33665,57.90454885025541
33682,691.7010391159854
33690,502.8932061822413
33743,203.11476220393155
33764,619.9304623782273
33804,313.73503177302223
33858,637.6596471628086
33872,81.92738753113011
33896,728.7378185167252
33897,281.0924199125738
33942,273.32061117808837
34114,204.40632495741465
34115,271.235374787297
34151,308.04143283917176
34163,168.2193266770687
34170,509.99637335702744
34212,792.8526908453035
34214,743.0800649999134
34245,584.4765672697084
34247,205.48379513974976
34332,356.2905150522205
34339,427.3042126058661
34362,577.2867160880389
34495,347.89425100522925
34508,315.96597386890915
34543,416.28856756739236
34614,333.20087060878006
34667,799.86247142812
34774,798.8442922981064
34791,246.4904160263698
34824,217.6995133746106
34910,148.01696224294966
34934,461.68163868367225
34957,120.54189447492405
34973,649.2533081131083
34990,243.99389459987887
34994,544.1917815763262
34998,126.43370050773241
35081,248.26640419040478
35102,799.4841046013539
35123,307.2840633879113
35131,801.1658262003822
35187,317.1109600585087
35189,740.3999872258878
35223,638.3956436489457
35341,497.6410915242566
35360,582.0253784084073
35388,153.98349569296687
35470,164.61517898612414
35476,88.69242789688641
35492,253.41206169932178
35648,780.1852152928901
35652,666.8406639271083
35684,708.3034036092132
35699,284.0334694395431
35703,368.00455982057065
35719,641.5827433430073
35738,145.011409612079
35799,773.9620373356103
35851,193.91271016522734
35868,323.7897614006062
35873,655.7163558827784
35962,559.8493578136315
5,1267.7223054825834
10,843.5654568926708
13,978.9498979263402
30,512.2906737909407
32,716.1215811485943
48,1107.50126821431
64,568.4703007794088
78,693.7265164715999
90,580.3544811807922
118,1460.0301760896239
137,1173.773521654986
142,728.8114052106275
161,976.305187266135
168,1022.2755958575212
190,1372.385228260794
229,839.075153112897
260,1030.1254831606918
285,571.7584090840876
286,638.9597851116743
441,815.5947908641938
486,957.6124002162068
511,907.3546423208379
572,1559.0774158456902
576,801.9508490805385
577,1099.830974280704
622,1145.3735922190133
667,484.2361922611636
678,735.244083974701
794,1374.992257283261
801,866.8851447828368
813,1511.6810819685873
843,1021.2043566089012
910,1015.8420470004837
998,973.6131315171018
1024,810.8159224002782
1032,560.1067888344871
1067,1040.1108853637945
1095,602.466288062015
1125,955.1162919731348
1147,752.605827325841
1275,755.6947188506582
1412,982.9045032971623
1451,732.555496826311
1467,496.8910921104953
1473,1151.2354423954168
1490,474.8755626113908
1518,939.5924269636392
1571,874.497226421465
1587,748.6781208083972
1614,1466.0035372569275
1661,537.7381817872996
1690,727.3473999696458
1691,570.4393497059757
1751,832.6407809056922
1811,541.0988470536053
1817,984.516405845724
1983,925.2798664862493
2001,1022.2525698573099
2014,955.6755305680762
2053,1320.7638924848188
2059,1452.3169458688074
2247,729.029122266906
2373,1148.47204139684
2509,978.0552190873641
2613,1016.6993516166949
2636,1086.3593255001965
2647,1275.760711848298
2665,1198.527297387473
2685,1120.949884268997
2721,1033.2138751255347
2722,502.7734416183178
2746,940.3199916019504
2757,1133.3268972987585
2765,1138.6011985938458
2776,619.8533301252138
2780,753.6278688646154
2786,1135.0554144993537
2891,1185.6244815896255
2901,988.8348787967633
2969,782.8692182368629
3009,1183.134511825956
3019,1066.6279501469662
3038,733.7677173913015
3118,1574.7074788858836
3135,611.5821551577301
3143,719.4471503338348
3146,1225.31230342162
3185,806.5898036458713
3281,439.69738256907357
3382,1172.7862917226812
3412,1029.6660178239422
3414,1088.4871011797861
3420,816.8690680470678
3433,1150.6540892863943
3452,661.8162547599048
3589,825.7005591183027
3775,769.3603298868939
3777,692.8039292742037
3811,1588.4508184327806
3816,1263.3230123461856
3927,666.2045396424273
3973,976.3122076330882
4032,1385.463116288614
4038,522.1842819219381
4048,1297.9990928072214
4052,790.8583088453303
4094,934.9403159542726
4104,706.9291605966629
4117,730.4857510256707
4145,762.867853422483
4163,852.3936581347057
4220,774.7228259510523
4236,884.0039209012614
4257,681.0327552484612
4322,408.5339533461419
4408,883.5212553002439
4538,1266.3986148322767
4547,765.1405515700837
4549,1201.3848375848675
4557,959.0476218507182
4570,647.0061600178167
4582,952.0676416889114
4584,1206.8943578715962
4608,762.6767215190245
4629,740.020343672951
4631,992.6396357772447
4752,822.393401555465
4788,1447.651176329907
4846,955.6517804030264
4878,1176.0578667459924
4927,1276.4786073891128
4936,608.6089051035593
4972,1062.253550472121
4992,913.4660597271666
5009,806.7631970690347
5014,558.4481451510937
5067,1317.057418470766
5169,856.8878049306117
5205,811.1989101635611
5286,743.0784057074519
5312,854.9950396769622
5389,489.7634255129031
5444,688.6737519918174
5447,1217.8659926905345
5466,601.3108180075185
5471,1436.3022749681297
5519,1581.9879297101797
5602,1168.119788677553
5604,981.716735274846
5611,1225.7952127419126
5647,1202.4261668718104
5670,883.3224367611718
5676,1034.1303011768694
5705,1602.708466900232
5709,916.0350178758233
5778,1200.4191279799481
5797,884.7574603521185
5886,1105.9970114360226
5907,595.8589116992655
5920,935.38227854203
6013,923.9439717304365
6090,780.2409669034714
6132,817.1417110436081
6162,1158.2128012252322
6171,1002.9654114557683
6219,651.5102425056077
6308,543.1316694970031
6433,953.1466619226026
6441,684.3681011957551
6497,1597.2944037869752
6606,675.8100780402729
6646,776.584585003447
6665,871.0985637668853
6736,598.7971482479597
6933,1389.7522424611327
7010,709.1993985040176
7090,1014.4410093806814
7243,1118.0016666199099
7266,598.8646752110275
7290,946.318196454099
7305,1172.2305711208085
7394,1170.5379548409544
7439,784.7102087011672
7458,860.0143212741261
7478,752.0838718104031
7481,571.888724667589
7485,879.7929176344813
7535,830.6615187402789
7555,1052.5228275126365
7591,723.9573606848692
7617,896.0109973378063
7673,1212.451490810661
7707,1078.501772444333
7720,845.3255663867734
7761,464.1747865786271
7815,596.1159657116856
7862,782.3422159710143
7876,698.0001141161749
7994,1353.3021056633193
8127,961.1142992127766
8180,1380.9856997412987
8271,830.8986351130194
8288,738.030895523346
8296,1034.5356221338548
8316,982.6725662648836
8324,1195.463386987889
8374,1213.636181021025
8376,1148.7375187997125
8387,1114.5014736587596
8398,1032.8559349694294
8438,1085.0233403860716
8506,1005.2335002353605
8520,981.276102851461
8569,932.2122745272446
8585,1143.8287769305814
8636,1171.4962986823782
8713,1180.2059155373609
8723,1152.2353725561059
8747,1129.7984790211335
8774,1288.7588936963837
8836,1140.696543673143
8904,551.756759047474
8924,905.1550977169841
8947,1194.3850600197563
9014,948.4035852125969
9021,547.3961023235241
9027,830.8141998886261
9044,618.5004432453609
9122,809.9447108598553
9155,463.5252352746456
9180,983.4162118339274
9199,1039.672581358101
9209,668.6284789656111
9211,642.427882490254
9292,591.9765922304213
9323,605.992534592343
9333,1598.739093119905
9395,1590.1851194034841
9407,982.1903871061083
9427,585.3829048078162
9454,614.051297334591
9467,873.4956426161333
9481,743.7157184507785
9523,880.5858190904046
9636,1093.2374342772296
9655,1201.0080477307265
9663,861.4910559591951
9713,980.29206140672
9743,1004.9156088152672
9813,1094.9123011136048
9880,639.9151842603944
9890,1349.177262596688
9894,490.0195070634418
9922,1104.4353092221672
10004,765.1109604831831
10006,1021.3820702592113
10010,792.8995450486981
10058,911.1636957540837
10167,1154.8472808858164
10201,469.17010119925743
10255,1092.7755942637668
10273,741.6972035758683
10323,917.3031820967994
10326,730.5864303825093
10358,851.1816233244418
10412,1196.5204033336775
10417,1061.3659058088458
10477,773.3206046541076
10521,993.8392975941364
10544,610.4894281075918
10598,878.4040943310736
10626,892.7990477258654
10637,525.0632903085213
10727,731.3986906100716
10732,820.8604185897279
10766,634.6319857215664
10785,1329.6983037579032
10845,616.7812397078944
10867,829.0562862283444
10878,557.0663879408118
10896,1097.3854995335696
10916,887.1069377363203
11031,844.0827389467241
11036,1020.453105576328
11109,1135.0916936177362
11131,1125.6475523713987
11174,1162.6010803506554
11184,671.2706274976565
11212,507.5421134877232
11214,755.8070000358163
11258,593.4534530059626
11372,678.5473712520849
11383,798.4576506386268
11687,1027.2505851857377
11703,528.625473546592
11796,1586.0928164639067
11805,916.6306237211301
11891,1031.3476546251998
11910,918.5507030778477
11921,841.9696233482875
11938,635.767139665502
11979,1219.2923655449392
12016,721.6136715539999
12215,1026.3336546078672
12233,616.083946201408
12338,850.0419022481502
12371,1391.5895846514375
12433,662.3207801544927
12466,583.531691852991
12488,822.3051399088645
12515,728.7037253832942
12543,681.5311082812885
12564,1162.9439269621673
12582,1261.9685596797167
12667,903.6704096463678
12669,885.6870486596334
12677,1139.8461774418647
12695,811.079499387826
12701,1155.6468881919318
12780,1141.451282539145
12788,825.1150324700618
12796,1334.4810829150813
12831,1215.2337253884566
12908,1181.6306567912718
12975,1197.3619720846661
13007,933.0093550368855
13017,1160.5975641005227
13110,880.344959962212
13134,1024.7870701759005
13145,870.0049657663377
13194,702.8059504477158
13209,906.956605352512
13260,1080.375425778564
13293,992.3501439658995
13336,544.3347517959406
13353,943.3461929831506
13386,930.0027359138275
13438,1462.9567149384873
13502,1034.210665868072
13504,1245.7362244449077
13526,720.6952956498887
13623,644.827531237638
13675,1322.0653724046101
13695,1030.4758757888294
13738,669.4468628875551
13778,1249.814607075763
13832,617.4894676211444
13844,1516.108607131523
13855,1138.661458659356
13862,1095.3794148063719
13871,1208.4259116747469
13899,1038.3699623796729
13954,1024.0669288912952
13967,1230.0120750348165
13983,716.3334271786645
14020,1069.636812864707
14045,1021.7812657909874
14056,1107.2486280329401
14067,736.9375669364526
14100,1360.2270608082003
14182,1371.65446849079
14203,1133.8105508321974
14215,1036.80220971161
14350,708.7261127509286
14408,1551.8632758753026
14480,1026.634926356354
14574,1544.5689699982147
14575,924.7756971582703
14676,931.1501343571189
14681,1119.8411230320328
14685,855.7557331012043
14941,397.932696033317
15026,1383.1831572901235
15092,484.0655204171633
15096,873.4731574255459
15139,872.3510098651177
15150,709.2449271439191
15247,664.6964927512972
15331,987.5150443019205
15352,1406.7314469824867
15374,934.052023387711
15421,839.2074948540368
15471,648.260201364888
15490,1199.287761449921
15600,638.7151651685583
15635,1199.7312703430323
15657,682.078387429289
15705,665.2479358725975
15722,448.4194387346366
15763,814.1161759628036
15792,940.329763235419
15826,714.7231162306799
15840,1002.6162107985026
15842,728.7813045591615
15887,1048.8887620065664
15913,1104.076671591768
15953,1296.8988387770626
15960,559.8878645635222
15980,1099.475730749982
16044,1082.5076556148404
16045,627.4667976188887
16066,1009.5056332923228
16073,925.6556806048266
16118,937.5477390546431
16228,582.7031961880182
16236,1166.7563656761945
16237,712.0038117446446
16238,1049.7885943682052
16332,860.174710712559
16356,872.3912738556397
16456,846.2094112283256
16468,1171.8753117833605
16515,729.1068613361668
16538,1056.6982099583543
16681,637.0901613368775
16809,1436.8057052738213
16818,573.7447387293863
16845,1266.721678650573
16852,745.6121268128818
16891,1168.2353389657585
16944,1235.6876874372626
17007,862.5439844540083
17132,1033.676802721859
17177,751.9442088139128
17180,747.2296900537133
17190,1071.957801332412
17191,1258.8367437344084
17194,614.302815037485
17208,1152.8481055368045
17216,1049.6718075627819
17222,876.9319371853508
17240,569.0184735333269
17285,1098.1978173252676
17324,929.6429397012682
17366,1069.6254913348514
17403,713.1732609655642
17415,1137.8909984712473
17419,861.1515919174085
17449,1122.6142698267402
17580,1083.1207200820108
17591,711.8591315299467
17604,697.8947694448102
17622,551.0537639869007
17653,623.5863421243828
17736,945.9970157504371
17775,1091.1508576235408
17852,1167.247367598813
17919,984.6230636985537
17925,1188.27294589032
17990,1169.6351101755026
17997,1405.9589102037023
18064,1070.8552307375307
18093,1042.9051702526074
18096,1029.9631512514673
18120,1036.8391162203006
18159,1047.7869887114034
18167,621.25980375514
18168,1049.8511124675624
18232,606.4050643820054
18269,684.8566829700185
18281,1043.319104751397
18346,1142.8863762657825
18371,1122.644587764527
18374,819.1616018289686
18453,674.8660783853567
18490,729.9053584796926
18493,673.3254724061941
18546,824.6191504028583
18712,773.5306983810328
18713,664.4369769292686
18729,1043.0371663951873
18750,623.4633480576385
18756,1170.3595639794999
18784,941.800731254563
18796,660.1826798031977
18830,934.645239871676
18864,779.5714697469601
18994,500.6201420227615
19022,1356.0949469597733
19043,820.1273896807895
19080,1324.9792440988524
19082,1404.7368200683209
19125,536.0766000083903
19179,590.6630721442968
19187,447.04983729084967
19200,712.5804748612547
19229,1134.8736014354317
19237,1194.361663690434
19239,1115.5619435135484
19261,663.878141691093
19262,751.7435872687363
19388,980.5802370178254
19394,575.6496712593266
19471,815.9634339523942
19545,769.1730908145564
19558,1248.2513944280965
19633,998.170508089395
19666,730.6359902026574
19745,576.714148246182
19771,1110.676963960044
19799,1552.6591371907523
19834,750.8570985993177
19846,866.5586653965594
19861,1238.7792730124363
19871,991.1692406662069
19926,1187.4086535524418
19947,1409.7222510463387
19959,1163.7680785644286
19962,1258.974375608522
19963,772.6042573088405
19964,1079.2485337081848
20028,645.3872303688964
20098,960.6715801911714
20243,608.2457970885015
20259,1464.5377552132582
20270,725.9101229822587
20275,1174.849456873609
20303,759.3355601946877
20305,716.068784306633
20309,776.6961987186701
20311,1605.371984680123
20372,1076.5992581608098
20379,694.296834496366
20383,866.3769411211046
20427,1231.408095030569
20438,1118.7389572699356
20476,1072.6115163076877
20483,813.1280501801591
20486,1011.039837492881
20558,1237.0935842478168
20671,789.7412393402172
20710,1053.7982431086539
20735,761.0661038005899
20754,448.2100940172568
20768,715.4551946388137
20834,803.4497048910908
20852,1134.431086921472
20859,980.4043357525663
20917,516.4505848653878
20930,910.5754823992372
20968,996.2047519974691
21040,1097.301930459185
21053,574.2102259287658
21067,1039.834750577057
21080,968.8268032200791
21098,1307.4067761254628
21223,792.6172956968217
21231,1036.490177927025
21296,1089.9928451514663
21299,726.3994845043395
21356,890.7425531824666
21390,1009.3630041001926
21424,606.6003117751303
21486,806.9269366188113
21553,671.108027139881
21563,810.150294631296
21578,1144.6508201091767
21605,1191.8541671793687
21655,1218.2702484341166
21656,1028.291075932829
21659,1357.2840596694
21732,1178.2701397243025
21781,1330.9196755575256
21793,1238.7831130946247
21822,1055.392525930842
21836,736.9333183676719
21839,568.0398578385013
21997,1130.8831953904382
22052,1191.5248283494334
22125,1117.7511013546034
22164,428.07512862233244
22165,645.1870249555094
22254,1452.2623845822034
22326,675.5919527350592
22330,853.4046463656658
22331,966.1489141951279
22391,677.4370842986431
22393,855.2138881021023
22408,877.6779487431053
22413,1233.9164731060616
22454,1020.8019789367847
22475,745.0124741498369
22476,1293.8003202349526
22483,753.5876323155993
22537,1205.4290098661006
22538,743.5897617993392
22604,1272.7500932776138
22610,511.71835678700825
22626,703.0661155986401
22723,631.5001412070071
22880,744.7693899018925
22891,1237.8752308885596
22892,953.7389005489099
22992,1316.3151042560396
22998,878.5449146522557
23024,789.9618398835415
23031,454.7016921527862
23060,642.9759649141619
23092,901.8181679183298
23104,1195.8300555574576
23115,705.7453597519543
23135,693.6145872065744
23173,890.138355934917
23181,1032.698945992502
23259,1189.7693476300415
23261,1149.2145839094433
23267,1037.5290862629658
23294,779.5433562952827
23334,1140.4376688177497
23342,523.8189754912494
23371,518.4712383552497
23372,561.9776538404888
23416,768.0467906131195
23435,655.414967210923
23464,1057.45335559683
23489,788.4426098178029
23511,1652.3203789589093
23546,929.4343196114845
23561,829.370075337993
23609,760.4835583546333
23680,880.0217201933013
23685,1014.6128698558425
23728,805.3074819943029
23820,1527.0671519938292
23835,1015.0505345726024
23858,1579.7378519893114
23861,437.7174168701477
23883,936.07696257131
23916,637.4293860624432
23961,1352.7012402606533
23986,707.4123931042104
24053,1182.2948536948904
24077,1297.3254735225712
24142,1206.041067658406
24164,765.4625252469469
24291,544.7408733752044
24307,641.2011850927975
24380,1435.9252686479874
24381,657.6904433826544
24422,644.8089177812685
24450,465.5774660605589
24527,1221.036556988756
24544,1134.765603226226
24558,662.239219878736
24662,1516.7545912393944
24752,1597.5028925244474
24763,895.9629514000059
24950,700.0255774918704
24976,908.7653730519744
25014,613.1232291534441
25065,1093.8016600414178
25072,939.8155978449953
25080,1055.5391523247295
25094,833.7440869563154
25105,859.2479540185234
25112,1128.393987269099
25135,1225.41898611498
25142,1499.15452332432
25162,1192.2482504530035
25324,1082.6988978902375
25399,701.1259604809487
25401,934.3608167510818
25489,829.5725556598028
25530,728.7831672823232
25583,943.5142258642713
25815,1058.253876644796
25880,1157.5193313225152
25962,652.9796527299355
25963,1205.0662464462648
25975,1084.6389228338878
25988,925.2371858214472
26006,982.0102024167428
26046,498.1903376620496
26191,570.7435424933022
26233,961.1270540060722
26263,667.285835315618
26272,859.7477860495338
26303,880.7053480281504
26374,865.5082133899098
26391,841.8958402348544
26393,728.8009943774102
26395,1080.705797434527
26428,967.3059419911457
26489,639.664768515192
26492,973.9546220881095
26565,1385.2647685541674
26628,624.3029096710908
26654,624.6251116556109
26659,880.2836095681981
26760,1002.8779560706851
26839,881.3642691660411
26853,963.956697555322
26858,656.4737348533409
26881,872.0709673354634
26888,828.9750417363027
26930,689.7327531897187
26931,595.4053804390607
26967,1087.782855838815
26973,1476.2172645412245
27005,1220.450991974539
27107,885.9568068388808
27116,1114.2867869753304
27121,815.2422430673229
27152,1041.124119876513
27233,1188.868159224928
27245,742.1745628043768
27312,525.0960624329159
27341,1105.6033091570182
27396,1403.5538113907057
27398,912.1533030793664
27420,624.2801760543576
27546,894.3018473191183
27559,1005.9677422708032
27571,1045.3176205069028
27587,821.9408585115685
27601,1278.1519918109652
27603,872.4345639251021
27634,1254.19821124606
27645,901.4018083619279
27663,1185.2285363450962
27714,877.0303413010438
27762,784.3179784998869
27795,1267.6744621411456
27956,1249.9038595611537
27958,677.0342516423166
27959,822.1533878724991
27969,702.0651626225717
27993,879.4852428812914
28021,534.532803367153
28030,825.2885335353211
28096,525.2394740628099
28172,702.4901700964876
28183,928.1674157583747
28195,1000.3705136920955
28353,640.7423771987222
28398,889.991324913461
28422,1146.7358313937114
28464,495.42666202378877
28469,855.3045081865375
28478,885.3194023138961
28560,1270.9079015034806
28594,1367.527643145562
28597,486.1326581490202
28677,680.1147335677017
28736,895.927815562977
28739,1432.7460877386825
28802,1555.6505344221
28804,819.5848047189985
28831,569.2820147990731
28915,1042.4052032433817
28917,795.1140108317267
28965,566.9951414496685
28987,1172.4801265879014
28998,1281.3298529100975
29008,910.6446177773093
29012,522.7687110249967
29018,658.1456533821083
29123,632.4226440634455
29141,998.9374099721822
29164,917.8243436700084
29167,996.7884580166963
29174,1075.0584497247448
29178,1178.7601567774693
29182,1202.2955001268933
29200,773.0014472402169
29236,750.9218241847992
29237,1117.7860219639708
29282,1125.3760569123378
29286,671.2253238008425
29498,483.08001339773773
29550,883.433230548292
29563,1075.5009994361087
29585,1398.895170615284
29593,1117.5931702030794
29645,541.083562120899
29669,963.2470908280154
29780,1614.0925872122928
29854,1273.1072310483285
29906,1043.9130334156976
29956,856.0486430126283
30034,1017.4667480839137
30089,587.2442243629038
30093,1427.6431850705872
30097,724.7429238210883
30112,966.7288834450641
30121,725.1520980968322
30200,1156.3103641802004
30204,1216.831967220035
30215,534.6112559831602
30242,1369.9313652557805
30247,1114.8962226333501
30274,1167.0315988727732
30315,837.801943032098
30437,1112.8282984045804
30510,1101.9405717305528
30583,827.3968344493809
30615,507.62599474506595
30683,1297.4551184714614
30699,801.4796341448855
30724,551.3843600553857
30742,877.8700297188724
30796,1141.3346504939348
30934,1107.0212899551993
30965,683.7057887547786
31018,623.8076083726712
31033,970.481537651678
31045,1279.0021823454147
31086,656.210042576014
31098,1066.989932529984
31101,822.586472862284
31168,897.2059735167885
31182,743.7082820472291
31229,891.31239239096
31252,678.7336961709752
31292,654.3906145313223
31297,476.56818653084883
31331,1372.1448303003122
31392,1216.5951293767678
31398,969.2934699258627
31443,489.90715257955077
31515,768.1590482830507
31556,804.6914179921755
31561,622.4732855640607
31634,1022.1396000065337
31641,984.7527513828637
31700,699.3474545265725
31749,1014.2641751087308
31863,847.8220272181422
31881,1204.4491272648997
31932,680.4639212182517
32004,1379.1620447400153
32050,1326.0373061958167
32067,1142.2085506922408
32101,1055.4471330420395
32106,946.7452104650337
32119,827.3081298698668
32152,612.5249191752818
32159,1139.3746511744434
32182,569.2332411660534
32264,592.7034131902203
32281,515.8901959024872
32303,709.0304419947365
32310,649.7294099512743
32337,1053.149784230733
32366,612.0996115984094
32387,535.0122214240185
32415,517.354517756131
32431,513.6669852922499
32442,906.0226467989795
32477,671.9064809731354
32479,650.8381417637972
32493,1140.4952140498995
32513,1085.8507571980533
32551,1483.0744898998664
32626,864.3017413200914
32631,847.4479308877952
32641,940.9864165151819
32701,988.0196744900823
32714,838.8274583328506
32764,919.7568077565921
32798,1074.3513957068205
32866,542.7026069993335
32888,954.5947771689296
32928,851.6486614006546
32954,886.6526470699163
32988,1460.3880774779052
33024,1049.2370380242708
33046,1512.9819614042983
33081,679.1385191203918
33084,927.3523025682888
33252,1310.8391075718603
33259,1479.9013645237142
33275,1116.4473803515477
33304,1621.6423576103405
33357,1063.683342858281
33434,782.4888143246928
33518,863.5401276929141
33551,1072.6036783320012
33598,1266.202486018545
33651,1037.545853991204
33665,634.739066244422
33682,977.4061886150051
33690,1172.7327436370456
33743,1122.2966891870346
33764,1394.0939735534107
33804,702.7127050309301
33858,870.0803232689103
33872,936.0781960540872
33896,1237.0218266318388
33897,970.9273317185405
33942,663.9242428556312
34114,1180.69226755238
34115,894.0200377156092
34151,1310.4429378335442
34163,692.4344434925307
34170,1010.3475450020443
34212,1205.5566905815417
34214,930.2405227411798
34245,1486.6523613767922
34247,1515.0052454379627
34332,960.3630652901742
34339,876.3766615238837
34362,609.3746299640871
34495,911.1603046666221
34508,1096.789812560585
34543,1184.0349805869157
34614,624.2391172352594
34667,1219.354315031792
34774,1072.9362818281245
34791,1005.8404540402676
34824,1071.3151862347124
34910,414.0977682063463
34934,1044.2075321649158
34957,1046.955357514458
34973,765.9481877594621
34990,818.0313381789125
34994,1228.686587638778
34998,603.9195935990655
35081,1142.1664989130747
35102,1423.3832079221766
35123,1204.6945232334606
35131,1080.1325054078306
35187,1020.2387010119979
35189,1009.7048172492298
35223,893.9587776701314
35341,974.4727085140511
35360,688.5392473649098
35388,627.5271027069806
35470,644.3445273520063
35476,971.2450341653753
35492,844.4485894465068
35648,1344.1267191559252
35652,618.0668835605891
35684,710.0541517095346
35699,811.8143342523634
35703,649.3656307955584
35719,944.197337496061
35738,661.5523188529056
35799,1303.5145390719363
35851,627.9689248152688
35868,793.8920587368149
35873,889.6571666766431
35962,869.7095689106164
