5,72.86229705810547,890.8264770507812,547.9723510742188,1265.537353515625
10,43.32199478149414,537.5326538085938,455.21356201171875,861.7252807617188
13,46.95303726196289,549.0043334960938,629.9037475585938,1003.2379150390625
30,33.48721694946289,348.5063171386719,278.9437561035156,522.8549194335938
32,40.457035064697266,506.9859313964844,293.91888427734375,700.04736328125
48,55.323551177978516,1028.46142578125,142.71241760253906,1098.8134765625
64,37.75459671020508,418.4078369140625,220.20040893554688,567.7679443359375
78,31.925296783447266,159.05413818359375,710.3416137695312,675.4144287109375
90,36.04172134399414,257.94830322265625,483.0763854980469,600.7671508789062
118,64.86310577392578,1240.0985107421875,216.97332763671875,1368.2960205078125
137,78.09749603271484,707.6060791015625,780.8284912109375,1229.201171875
142,74.59651947021484,277.2061767578125,712.6331787109375,741.2176513671875
161,55.052494049072266,803.8993530273438,295.902587890625,990.2926635742188
168,15.036365509033203,497.8481750488281,642.6649169921875,984.6187133789062
190,41.70169448852539,737.3665161132812,837.1964721679688,1359.0787353515625
229,55.16275405883789,353.7610778808594,661.0210571289062,814.5185546875
260,64.02922821044922,741.2177124023438,464.6996154785156,1033.7265625
285,34.41707229614258,314.458740234375,386.44146728515625,566.0828247070312
286,50.715213775634766,43.721736907958984,926.2777709960938,700.8143310546875
441,69.17505645751953,528.0576782226562,619.88037109375,911.95166015625
486,60.2874641418457,688.104248046875,413.9834289550781,973.320068359375
511,55.33853530883789,769.7783203125,267.695068359375,918.8953857421875
572,19.826419830322266,1054.93505859375,960.5897216796875,1872.582275390625
576,68.4128646850586,432.2093200683594,610.3119506835938,843.6707153320312
577,53.66487503051758,1033.84716796875,159.2532958984375,1108.6851806640625
622,91.9935531616211,782.3341674804688,575.7865600585938,1152.0906982421875
667,97.03723907470703,63.442562103271484,926.8934326171875,704.1436157226562
678,43.90666580200195,576.914794921875,229.0703125,728.0030517578125
794,94.30036163330078,848.2718505859375,1041.6890869140625,1652.4364013671875
801,39.263309478759766,665.7666625976562,266.8330078125,845.1664428710938
813,95.9928207397461,966.0271606445312,740.2000122070312,1555.1463623046875
843,50.52530288696289,986.918212890625,91.23798370361328,1017.5224609375
910,54.68983840942383,699.2545776367188,468.72601318359375,1005.8395385742188
998,61.22879409790039,437.3272399902344,778.6124877929688,974.4725341796875
1024,46.5108528137207,605.8156127929688,312.0809020996094,803.9845581054688
1032,33.59123611450195,448.67041015625,194.38711547851562,566.1266479492188
1067,107.3359603881836,629.9722290039062,668.3834228515625,1038.6724853515625
1095,32.63541030883789,597.1633911132812,47.188114166259766,608.2882690429688
1125,58.20682144165039,624.4420776367188,509.6172180175781,956.870361328125
1147,37.87814712524414,656.255126953125,169.49407958984375,749.95556640625
1275,53.83682632446289,576.3238525390625,308.45849609375,761.4102172851562
1412,21.487079620361328,303.3370056152344,914.5120239257812,945.887451171875
1451,52.193912506103516,175.43133544921875,853.1670532226562,774.2357788085938
1467,26.517826080322266,456.9605407714844,87.8641128540039,510.6654357910156
1473,55.77322769165039,898.1796264648438,368.9344482421875,1137.2003173828125
1490,24.205921173095703,439.04083251953125,72.29387664794922,478.5102233886719
1518,56.56827163696289,394.6156005859375,822.968017578125,953.8461303710938
1571,48.1588020324707,747.0090942382812,217.88449096679688,871.1394653320312
1587,42.79500198364258,705.5621337890625,87.15142059326172,746.4725341796875
1614,86.43993377685547,906.1004028320312,864.1853637695312,1532.63916015625
1661,29.906925201416016,494.6860656738281,77.44510650634766,533.6912231445312
1690,56.5552864074707,486.36199951171875,366.52587890625,726.1624755859375
1691,48.89421463012695,288.4986877441406,415.713623046875,577.88818359375
1751,67.41992950439453,481.2511291503906,493.63726806640625,808.0087890625
1811,32.19206619262695,501.77325439453125,67.71778106689453,533.4002075195312
1817,92.75029754638672,499.8088684082031,755.01220703125,1005.8353271484375
1983,54.31526565551758,729.99365234375,282.364990234375,898.570068359375
2001,99.76900482177734,835.5846557617188,356.4509582519531,1017.7303466796875
2014,51.80910110473633,523.1918334960938,630.4989624023438,948.8739013671875
2053,66.63866424560547,870.3334350585938,669.3449096679688,1338.1650390625
2059,74.36719512939453,1092.4232177734375,433.37652587890625,1425.0947265625
2247,37.51417922973633,263.03955078125,654.806396484375,746.73486328125
2373,86.98787689208984,653.83251953125,816.140625,1207.4312744140625
2509,66.19585418701172,737.0169677734375,387.72833251953125,981.4249267578125
2613,101.8430404663086,844.4142456054688,424.35479736328125,1025.0078125
2636,50.94231033325195,750.7750244140625,523.1953125,1110.0572509765625
2647,82.84105682373047,1096.1905517578125,333.32470703125,1309.0015869140625
2665,126.56949615478516,607.1279296875,1008.3844604492188,1226.8729248046875
2685,55.190982818603516,873.6294555664062,403.8819885253906,1123.60302734375
2721,100.5795669555664,813.3038330078125,421.6724548339844,1044.510009765625
2722,40.244876861572266,307.46630859375,303.8077087402344,519.1583251953125
2746,40.63875198364258,391.942626953125,811.86474609375,984.6760864257812
2757,53.493289947509766,805.251953125,512.6759033203125,1146.5755615234375
2765,59.68388748168945,792.6307983398438,558.0411376953125,1162.3775634765625
2776,53.2226448059082,161.35809326171875,712.325439453125,642.856201171875
2780,71.41793060302734,449.099365234375,517.1513061523438,780.7981567382812
2786,44.66885757446289,799.037353515625,458.1060791015625,1103.5269775390625
2891,116.41551971435547,718.4353637695312,787.3693237304688,1217.274658203125
2901,110.88533782958984,660.3063354492188,635.87939453125,1010.9434204101562
2969,73.52783966064453,251.60296630859375,852.1152954101562,845.0226440429688
3009,71.00016021728516,1048.8963623046875,172.90684509277344,1153.2650146484375
3019,86.79070281982422,638.4091796875,615.2669067382812,1049.9210205078125
3038,50.639957427978516,560.78466796875,263.589599609375,719.169677734375
3118,43.38852310180664,1088.5887451171875,696.036376953125,1682.9998779296875
3135,62.58455276489258,181.34991455078125,601.28369140625,612.3683471679688
3143,51.3399543762207,154.43408203125,897.7470092773438,749.84130859375
3146,88.63727569580078,753.935302734375,723.90576171875,1244.2413330078125
3185,31.746570587158203,293.07269287109375,724.0879516601562,822.4396362304688
3281,28.046039581298828,286.2357177734375,306.5492858886719,491.4524230957031
3382,72.74271392822266,952.8411254882812,356.6285705566406,1192.0880126953125
3412,42.836856842041016,816.8787841796875,299.47796630859375,1015.873046875
3414,56.54030227661133,1019.5760498046875,136.8295440673828,1084.2935791015625
3420,46.690006256103516,653.9266967773438,243.12136840820312,806.2463989257812
3433,119.10688018798828,703.0187377929688,665.1411743164062,1111.3011474609375
3452,46.21724319458008,113.95928192138672,824.10888671875,680.0908203125
3589,45.9232063293457,725.4904174804688,182.56317138671875,824.171875
3775,39.2703742980957,574.8221435546875,295.8798828125,772.1616821289062
3777,14.076007843017578,98.77568817138672,726.5718383789062,668.2384643554688
3811,36.507938385009766,1093.879150390625,708.83251953125,1702.83349609375
3816,120.3309097290039,956.7716674804688,454.3573913574219,1229.911865234375
3927,31.30191421508789,534.217041015625,207.93846130371094,665.9703979492188
3973,51.27251052856445,942.1115112304688,98.56206512451172,964.8446044921875
4032,117.5441665649414,856.9429321289062,866.095947265625,1473.30126953125
4038,22.83005142211914,496.83343505859375,40.64480972290039,527.4895629882812
4048,91.0767593383789,701.7988891601562,888.9772338867188,1319.463134765625
4052,71.4237289428711,346.8996276855469,695.132080078125,806.748779296875
4094,55.3320198059082,568.2041625976562,566.001220703125,950.4065551757812
4104,23.992008209228516,200.4808349609375,638.1378784179688,669.9428100585938
4117,41.90359878540039,660.2255249023438,139.0848388671875,723.021484375
4145,44.9742317199707,278.7336730957031,693.37646484375,761.71728515625
4163,57.63277053833008,728.5669555664062,247.13938903808594,863.3385009765625
4220,70.29776763916016,518.2849731445312,461.22314453125,808.0252685546875
4236,8.233844757080078,227.52728271484375,842.17041015625,826.8714599609375
4257,39.647281646728516,640.0125732421875,85.71222686767578,672.0294799804688
4322,6.219440460205078,359.6745300292969,44.481143951416016,396.0585021972656
4408,45.80110549926758,837.035888671875,95.8774642944336,879.0535278320312
4538,57.53036880493164,761.049072265625,733.4765625,1267.926513671875
4547,109.22347259521484,311.87542724609375,746.7933349609375,762.2232055664062
4549,74.23558807373047,1046.0286865234375,245.43222045898438,1194.1634521484375
4557,55.554874420166016,923.7807006835938,102.34561920166016,957.4320678710938
4570,35.42300796508789,607.4405517578125,97.22501373291016,643.4324340820312
4582,58.91121292114258,351.55169677734375,840.5458374023438,933.7921142578125
4584,90.38590240478516,750.145263671875,688.7291870117188,1205.0721435546875
4608,60.95816421508789,275.264892578125,697.2899780273438,743.40673828125
4629,37.95793533325195,510.9945373535156,353.5307922363281,757.9990234375
4631,45.398258209228516,731.9791259765625,412.6141357421875,1014.8609008789062
4752,57.50526809692383,781.0962524414062,117.17757415771484,825.5390014648438
4788,67.33466339111328,907.9183349609375,875.3953857421875,1571.5665283203125
4846,59.505252838134766,706.0528564453125,392.4377136230469,959.160888671875
4878,41.92506790161133,704.2954711914062,645.7600708007812,1157.3658447265625
4927,98.67285919189453,905.3687133789062,646.1839599609375,1325.8258056640625
4936,45.560855865478516,243.5301513671875,576.3825073242188,640.222412109375
4972,68.3310775756836,546.8703002929688,814.8787841796875,1080.6455078125
4992,70.69242095947266,772.8999633789062,279.992919921875,920.3434448242188
5009,31.997318267822266,271.2784423828125,783.6253051757812,826.4230346679688
5014,59.24647903442383,309.44384765625,432.3667907714844,602.08935546875
5067,51.87851333618164,663.8673095703125,821.0477905273438,1227.60595703125
5169,47.22488784790039,769.5261840820312,162.2952423095703,856.6815185546875
5205,44.29080581665039,687.8479614257812,206.53402709960938,807.2945556640625
5286,44.94795608520508,700.2305908203125,112.8647232055664,741.77587890625
5312,38.7316780090332,816.9559936523438,92.07711029052734,852.62646484375
5389,23.74917984008789,440.4060974121094,70.99700164794922,477.2707824707031
5444,38.89616775512695,107.37108612060547,824.065673828125,728.982177734375
5447,65.58219146728516,642.9066772460938,780.3214111328125,1195.3946533203125
5466,26.688602447509766,479.5855712890625,162.1751708984375,579.09326171875
5471,101.79256439208984,972.8136596679688,646.7144775390625,1485.2314453125
5519,62.122379302978516,1215.2799072265625,438.8938293457031,1620.2425537109375
5602,54.35774612426758,530.4127197265625,790.4410400390625,1119.710693359375
5604,45.064334869384766,368.23876953125,818.2543334960938,956.6309204101562
5611,98.45665740966797,810.6285400390625,684.60693359375,1269.7052001953125
5647,65.05440521240234,661.40673828125,764.1585693359375,1204.319580078125
5670,33.95010757446289,376.6092224121094,797.9757690429688,933.4168090820312
5676,69.2026596069336,916.4888916015625,221.37326049804688,1032.124267578125
5705,136.535888671875,1443.2630615234375,420.21435546875,1870.6964111328125
5709,61.978580474853516,298.44696044921875,880.1516723632812,912.6284790039062
5778,150.64566040039062,784.8742065429688,711.1100463867188,1252.9693603515625
5797,42.36795425415039,311.158447265625,761.9124755859375,845.812255859375
5886,82.06774139404297,675.1874389648438,682.0897827148438,1108.8800048828125
5907,37.576663970947266,217.9056396484375,577.9412231445312,638.1954345703125
5920,66.6657943725586,686.9645385742188,409.1803283691406,952.4549560546875
6013,48.359806060791016,923.6236572265625,72.89710235595703,938.7109985351562
6090,91.57086944580078,516.6171264648438,453.0525207519531,803.9959106445312
6132,46.371646881103516,646.4781494140625,279.7692565917969,826.1279907226562
6162,51.94083023071289,781.5506591796875,553.3106079101562,1166.7025146484375
6171,95.26825714111328,393.2843933105469,917.6161499023438,1006.39111328125
6219,38.215091705322266,468.09429931640625,287.7505187988281,658.5220336914062
6308,30.095340728759766,464.9881591796875,167.44444274902344,551.8330078125
6433,50.7579231262207,937.6165161132812,74.10474395751953,958.051513671875
6441,31.420108795166016,285.15411376953125,541.8707885742188,644.6111450195312
6497,59.1486701965332,1194.869384765625,494.9613342285156,1678.238525390625
6606,69.11656951904297,211.5643310546875,675.5704956054688,685.5706787109375
6646,31.654666900634766,521.5999755859375,374.9474792480469,778.4708862304688
6665,41.66733169555664,848.7954711914062,80.2479476928711,876.4613037109375
6736,36.42825698852539,482.9505615234375,188.01620483398438,599.0970458984375
6933,22.78476333618164,665.109619140625,949.4990844726562,1370.866943359375
7010,34.648441314697266,417.0606384277344,395.1740417480469,708.1754150390625
7090,76.06243133544922,792.60107421875,392.7433776855469,1029.8023681640625
7243,189.63922119140625,571.8692626953125,748.7191772460938,1065.0694580078125
7266,52.65797805786133,344.6101379394531,377.9073791503906,612.58984375
7290,83.16492462158203,536.8302001953125,654.6629638671875,957.20263671875
7305,62.18558120727539,844.2002563476562,509.5003662109375,1181.7259521484375
7394,47.4213752746582,971.0155639648438,312.098876953125,1178.1656494140625
7439,42.870731353759766,140.6251220703125,845.4296875,757.16455078125
7458,49.93910598754883,714.1358642578125,264.46234130859375,871.9356689453125
7478,40.83879470825195,552.2702026367188,333.60888671875,777.1226806640625
7481,25.89908218383789,522.2528076171875,74.5540542602539,558.9255981445312
7485,47.616092681884766,756.2781372070312,194.91001892089844,871.6386108398438
7535,54.47696304321289,324.0140075683594,749.3667602539062,850.645263671875
7555,51.265995025634766,1032.270751953125,113.76038360595703,1079.9329833984375
7591,50.3419075012207,190.6766357421875,746.4334716796875,737.3208618164062
7617,52.965763092041016,791.0333862304688,217.07713317871094,910.1961059570312
7673,66.9730453491211,954.5422973632812,379.00701904296875,1221.810546875
7707,68.6848373413086,1006.6260375976562,168.7262420654297,1071.9686279296875
7720,35.99887466430664,794.1718139648438,105.8136215209961,841.4697875976562
7761,24.00931167602539,451.9959411621094,60.9166145324707,486.0726013183594
7815,39.58414077758789,164.72540283203125,629.255126953125,619.2906494140625
7862,39.6345100402832,201.9664306640625,775.5787963867188,751.6578369140625
7876,48.49002456665039,299.76788330078125,541.5939331054688,677.5380249023438
7994,69.70787811279297,664.7262573242188,896.2102661132812,1319.527099609375
8127,98.84748077392578,541.7229614257812,659.4242553710938,952.552490234375
8180,35.651920318603516,749.6434936523438,882.9771118164062,1405.109130859375
8271,81.03308868408203,510.5568542480469,525.1165771484375,851.2825317382812
8288,51.461429595947266,479.8924560546875,393.7467041015625,745.1309814453125
8296,49.57223892211914,569.0569458007812,655.240234375,1042.7203369140625
8316,64.70246124267578,786.4773559570312,299.5131530761719,975.7521362304688
8324,93.51976776123047,656.0245361328125,784.10595703125,1183.7725830078125
8374,73.44091033935547,634.4231567382812,866.4886474609375,1259.8172607421875
8376,122.5984115600586,645.6337280273438,781.0421752929688,1123.023193359375
8387,101.25714874267578,782.7261962890625,539.0841674804688,1118.1375732421875
8398,48.093875885009766,1008.9518432617188,80.38842010498047,1036.001953125
8438,61.989810943603516,895.8071899414062,322.5202331542969,1102.27685546875
8506,15.273090362548828,368.9223327636719,828.5628051757812,986.3753051757812
8520,39.12356948852539,695.4480590820312,360.1199645996094,941.0321655273438
8569,42.93977737426758,404.3889465332031,776.70166015625,940.7499389648438
8585,71.58789825439453,594.5592041015625,780.0933837890625,1140.46533203125
8636,116.04427337646484,772.2997436523438,662.2457275390625,1208.645263671875
8713,68.5605239868164,631.1571655273438,740.5770263671875,1177.3739013671875
8723,58.14108657836914,642.3157348632812,658.5779418945312,1110.62060546875
8747,64.18653106689453,590.015625,929.4786376953125,1206.12353515625
8774,112.35161590576172,905.77880859375,646.3568725585938,1369.013916015625
8836,86.0208969116211,824.3463134765625,573.9850463867188,1177.0455322265625
8904,45.213504791259766,327.0752868652344,340.90179443359375,573.0258178710938
8924,103.6482925415039,720.7009887695312,393.70440673828125,928.3638305664062
8947,124.57767486572266,720.4027099609375,813.4572143554688,1251.1849365234375
9014,51.8913459777832,910.9840087890625,90.4128646850586,939.408935546875
9021,37.16244888305664,321.3905334472656,329.120361328125,536.3278198242188
9027,67.17293548583984,289.13055419921875,907.4093017578125,876.062255859375
9044,27.320453643798828,269.06201171875,447.0331115722656,604.70654296875
9122,50.41240310668945,394.7352294921875,638.5326538085938,843.3988037109375
9155,63.15901565551758,131.27081298828125,626.1328125,579.1626586914062
9180,58.915225982666016,738.4737548828125,403.5074462890625,998.130859375
9199,46.77603530883789,804.3605346679688,325.6487731933594,1013.929931640625
9209,47.87422561645508,555.7515258789062,215.07989501953125,674.974365234375
9211,50.35628128051758,227.98504638671875,646.6071166992188,667.8209838867188
9292,28.521549224853516,475.4336242675781,209.71603393554688,601.7139892578125
9323,37.891544342041016,526.8099365234375,139.3656768798828,605.5687255859375
9333,27.242603302001953,1250.602294921875,482.814697265625,1700.236328125
9395,81.90349578857422,1078.8521728515625,709.0982055664062,1724.878173828125
9407,46.6448860168457,945.2244873046875,107.8110580444336,985.7579345703125
9427,44.078189849853516,442.1246032714844,272.2457275390625,609.5557861328125
9454,43.58986282348633,201.3209228515625,645.7472534179688,653.510498046875
9467,69.4134292602539,701.08984375,298.4778747558594,878.4711303710938
9481,48.13571548461914,222.2821044921875,784.0039672851562,780.974853515625
9523,39.681461334228516,852.0792846679688,78.69957733154297,882.4742431640625
9636,72.11119842529297,506.4112243652344,916.8527221679688,1094.2874755859375
9655,53.58790969848633,917.662841796875,394.0839538574219,1199.109619140625
9663,39.94154739379883,586.6245727539062,370.34027099609375,848.0075073242188
9713,28.926212310791016,583.7904052734375,496.1679992675781,971.8045043945312
9743,17.338001251220703,464.91229248046875,662.716796875,960.5416259765625
9813,65.55561065673828,967.9480590820312,221.4306182861328,1090.40625
9880,40.14039993286133,252.19879150390625,503.01971435546875,608.4105224609375
9890,80.16442108154297,943.2847290039062,607.695068359375,1392.16943359375
9894,32.04524612426758,315.4912414550781,333.4497985839844,544.4701538085938
9922,140.57781982421875,670.6541748046875,750.5614624023438,1111.4371337890625
10004,36.277652740478516,642.347900390625,207.83926391601562,768.3783569335938
10006,89.8222885131836,675.9074096679688,590.8704223632812,1046.447021484375
10010,35.76665115356445,612.3788452148438,301.0186767578125,808.4900512695312
10058,53.52800369262695,893.5738525390625,96.99243927001953,922.352783203125
10167,63.479557037353516,760.64794921875,483.4530334472656,1063.6378173828125
10201,39.7047004699707,259.84381103515625,396.5207214355469,536.679443359375
10255,42.79713821411133,1079.068603515625,70.48741912841797,1096.9083251953125
10273,56.208560943603516,565.4927368164062,291.7497863769531,745.9570922851562
10323,60.52190017700195,788.7230834960938,228.2716522216797,915.13037109375
10326,32.59538650512695,468.6971435546875,345.8289489746094,713.0768432617188
10358,60.94044876098633,509.71099853515625,542.7673950195312,865.3169555664062
10412,90.76329803466797,589.35791015625,867.6228637695312,1166.557373046875
10417,76.42530059814453,566.8688354492188,731.5910034179688,1082.3900146484375
10477,43.417362213134766,726.4006958007812,121.81816864013672,775.9630126953125
10521,64.15601348876953,824.2760009765625,317.4385070800781,1023.7337646484375
10544,35.867191314697266,536.70068359375,130.16732788085938,603.6412353515625
10598,39.191226959228516,495.2053527832031,548.7926025390625,891.5833740234375
10626,90.15196990966797,543.4221801757812,623.4424438476562,920.5198364257812
10637,18.926593780517578,266.01715087890625,401.5664978027344,547.8440551757812
10727,51.09718704223633,489.65069580078125,432.7590026855469,780.3134155273438
10732,45.552616119384766,507.07928466796875,477.1852722167969,852.2971801757812
10766,31.232852935791016,229.17266845703125,553.4006958007812,646.912109375
10785,100.60601043701172,870.7432861328125,756.638916015625,1380.4561767578125
10845,36.8489875793457,551.7960205078125,107.56281280517578,609.0822143554688
10867,42.47243118286133,686.290283203125,210.97023010253906,802.8290405273438
10878,25.867389678955078,456.9231262207031,163.8463592529297,568.5402221679688
10896,30.35208511352539,434.2411804199219,806.1055908203125,1041.937744140625
10916,43.09720230102539,743.625732421875,227.01116943359375,884.8758544921875
11031,39.85855484008789,822.0675659179688,85.96271514892578,851.348876953125
11036,75.72870635986328,787.3961181640625,408.85107421875,1036.3876953125
11109,115.82154083251953,623.7271118164062,789.6196899414062,1117.028076171875
11131,56.07417678833008,724.7313232421875,611.0475463867188,1136.6280517578125
11174,95.79865264892578,881.1907348632812,511.3786926269531,1199.7772216796875
11184,78.94469451904297,506.74334716796875,341.8296813964844,710.8544921875
11212,15.849201202392578,462.4868469238281,53.935977935791016,498.87335205078125
11214,22.304813385009766,170.32513427734375,845.380859375,784.0991821289062
11258,27.667789459228516,575.0455322265625,39.05116653442383,582.2365112304688
11372,62.60617446899414,464.9671936035156,340.2159729003906,688.892333984375
11383,78.11748504638672,331.193603515625,830.5203857421875,875.0193481445312
11687,45.12381362915039,708.1188354492188,481.6503601074219,1039.227783203125
11703,12.895435333251953,305.9481506347656,297.2162780761719,514.8881225585938
11796,75.1817398071289,1072.9730224609375,822.6461791992188,1773.6859130859375
11805,39.11337661743164,521.0950317382812,567.44189453125,926.261962890625
11891,47.28493118286133,760.8067626953125,360.8365478515625,992.75048828125
11910,71.1788558959961,754.046875,309.8351745605469,926.55322265625
11921,37.57890701293945,617.1725463867188,317.1046447753906,838.3402709960938
11938,37.33963394165039,608.0455932617188,70.69689178466797,629.0032348632812
11979,121.06371307373047,851.7110595703125,602.9011840820312,1204.446533203125
12016,33.941471099853516,694.3726806640625,61.95363235473633,723.8711547851562
12215,59.70741653442383,978.1947021484375,139.91700744628906,1040.111083984375
12233,34.75087356567383,418.2392578125,288.75714111328125,609.642822265625
12338,52.32414627075195,765.0771484375,150.50502014160156,838.7964477539062
12371,100.25963592529297,950.3583374023438,695.1724853515625,1473.6611328125
12433,31.94375991821289,568.7066040039062,153.19410705566406,667.7278442382812
12466,31.544910430908203,457.8094482421875,211.13156127929688,581.90478515625
12488,29.490482330322266,349.06829833984375,576.9146728515625,775.8256225585938
12515,54.545902252197266,391.3993225097656,470.0570983886719,738.7293701171875
12543,33.461063385009766,641.7881469726562,93.95708465576172,686.6137084960938
12564,64.12297821044922,608.7877807617188,820.5938110351562,1183.0799560546875
12582,98.10733795166016,701.792724609375,863.118896484375,1281.9654541015625
12667,39.42464065551758,505.04559326171875,575.5243530273438,918.6102905273438
12669,57.222904205322266,744.664306640625,252.9353485107422,889.48583984375
12677,57.27731704711914,840.2247314453125,467.874267578125,1163.2147216796875
12695,72.73079681396484,243.3955078125,837.1600341796875,812.7913818359375
12701,48.43942642211914,842.5169067382812,488.6253356933594,1170.573974609375
12780,50.753910064697266,924.888427734375,293.93621826171875,1119.005126953125
12788,59.35715103149414,577.7125854492188,415.5670471191406,845.4270629882812
12796,55.553043365478516,688.4667358398438,826.3116455078125,1309.4566650390625
12831,84.29778289794922,1028.4000244140625,317.2263488769531,1236.6448974609375
12908,104.72991180419922,582.8636474609375,909.1936645507812,1206.718017578125
12975,84.2972640991211,887.916259765625,502.7601318359375,1227.725830078125
13007,43.777957916259766,867.07470703125,109.5317153930664,908.4592895507812
13017,45.2751350402832,665.766845703125,669.4909057617188,1135.1451416015625
13110,35.77652359008789,443.24713134765625,624.87939453125,882.0718994140625
13134,65.31269073486328,838.2174682617188,296.5557861328125,1013.600341796875
13145,59.252140045166016,706.6640014648438,294.420654296875,877.1407470703125
13194,33.31074905395508,643.531982421875,117.81830596923828,699.33935546875
13209,36.3253059387207,773.9580078125,188.15432739257812,889.7299194335938
13260,72.96929168701172,764.1168212890625,519.3795776367188,1096.772216796875
13293,42.7693977355957,406.2702331542969,822.5951538085938,1009.736572265625
13336,32.39323806762695,227.56414794921875,490.8279113769531,574.5563354492188
13353,40.351139068603516,321.8644714355469,874.9598388671875,943.1508178710938
13386,100.89136505126953,528.059814453125,696.3281860351562,954.8701171875
13438,65.30677032470703,1014.8251953125,543.7587280273438,1443.7772216796875
13502,62.0173225402832,465.2705078125,870.9512939453125,1031.2110595703125
13504,65.24332427978516,764.5270385742188,719.2911376953125,1242.1834716796875
13526,51.26201248168945,384.1632995605469,541.4583129882812,764.2281494140625
13623,32.328922271728516,610.8488159179688,83.9050521850586,648.2191772460938
13675,114.89507293701172,872.7330322265625,754.3091430664062,1363.65673828125
13695,64.98262786865234,856.7239379882812,306.058837890625,1052.224609375
13738,48.27406692504883,329.2102966308594,504.3067932128906,658.68701171875
13778,75.06232452392578,1034.914794921875,319.7635498046875,1258.60107421875
13832,45.61479568481445,352.1751708984375,372.62078857421875,610.1895751953125
13844,120.62767791748047,977.4329833984375,804.4761962890625,1577.5882568359375
13855,46.371829986572266,1109.4974365234375,68.94322967529297,1133.573486328125
13862,61.349308013916016,1027.464599609375,151.2880859375,1094.4268798828125
13871,162.72789001464844,714.2262573242188,840.4916381835938,1208.6297607421875
13899,91.95748138427734,836.2383422851562,348.09259033203125,1037.85498046875
13954,35.1048469543457,413.4736328125,783.1488037109375,993.1797485351562
13967,67.94576263427734,981.1400146484375,366.8265686035156,1257.9171142578125
13983,33.04538345336914,685.0797729492188,66.24510955810547,706.8038940429688
14020,67.55603790283203,963.0376586914062,209.27980041503906,1078.3221435546875
14045,49.38650894165039,999.66943359375,100.6335220336914,1035.147705078125
14056,101.87256622314453,637.7752075195312,794.9228515625,1119.481689453125
14067,36.74336624145508,116.98680877685547,880.2128295898438,738.9456787109375
14100,81.25116729736328,768.7900390625,845.8816528320312,1381.4376220703125
14182,105.6427230834961,829.1695556640625,841.8671875,1399.48779296875
14203,53.91244888305664,1106.626953125,90.22884368896484,1130.4774169921875
14215,62.3502082824707,940.699462890625,201.72103881835938,1048.9818115234375
14350,36.90230178833008,540.673828125,260.4658203125,710.8759155273438
14408,46.25972366333008,1068.4263916015625,687.8582763671875,1735.2960205078125
14480,13.287006378173828,480.2480773925781,686.42236328125,980.9022827148438
14574,90.83646392822266,1174.0692138671875,398.77947998046875,1527.57763671875
14575,49.2187385559082,844.5643310546875,144.23028564453125,915.8348999023438
14676,162.34649658203125,538.8982543945312,711.4273681640625,920.1129760742188
14681,56.39737319946289,973.480224609375,226.18380737304688,1107.4161376953125
14685,41.301883697509766,825.2250366210938,75.42440032958984,852.87255859375
14941,10.023944854736328,357.30316162109375,140.28453063964844,434.599365234375
15026,65.65459442138672,769.9453125,908.7891235351562,1460.198486328125
15092,36.468143463134766,265.0787353515625,433.71929931640625,546.388427734375
15096,38.1972541809082,839.0597534179688,88.77042388916016,871.7200317382812
15139,40.10678482055664,522.1874389648438,497.18048095703125,882.4661254882812
15150,61.95317459106445,368.75054931640625,560.5552368164062,741.373291015625
15247,73.34685516357422,117.51720428466797,828.22412109375,700.7478637695312
15331,83.68651580810547,629.1268310546875,570.8935546875,986.65478515625
15352,54.81074905395508,769.5721435546875,866.4674682617188,1445.5513916015625
15374,55.20027542114258,776.0121459960938,227.77664184570312,917.8250732421875
15421,45.827640533447266,283.948486328125,761.2020263671875,807.55029296875
15471,67.09569549560547,322.6770935058594,545.7293090820312,673.9324340820312
15490,78.15567779541016,674.1297607421875,832.7130126953125,1232.5408935546875
15600,48.35005569458008,536.2787475585938,162.64569091796875,623.1083374023438
15635,97.69066619873047,866.9937133789062,523.053466796875,1200.8106689453125
15657,60.628726959228516,208.21917724609375,697.3983154296875,683.868408203125
15705,39.06172561645508,234.98052978515625,609.2280883789062,682.1281127929688
15722,5.323688507080078,359.5882873535156,185.86329650878906,458.3484191894531
15763,77.2796401977539,302.9023742675781,789.0010375976562,847.2967529296875
15792,87.35465240478516,542.8062133789062,606.2654418945312,941.982177734375
15826,74.71988677978516,172.81939697265625,881.2752075195312,775.6954956054688
15840,90.18795013427734,608.6590576171875,649.3132934570312,1030.3797607421875
15842,54.040653228759766,198.3719482421875,800.2959594726562,742.1744995117188
15887,90.80266571044922,566.3018188476562,749.4776611328125,1035.20751953125
15913,16.899707794189453,684.6930541992188,506.7413330078125,1058.927734375
15953,94.7287368774414,763.1925659179688,805.6397705078125,1313.287109375
15960,28.395465850830078,469.65435791015625,130.54443359375,556.3727416992188
15980,48.97356033325195,582.4830322265625,668.1587524414062,1087.08984375
16044,81.1997299194336,657.2666625976562,618.4310913085938,1067.58349609375
16045,28.355289459228516,116.09996795654297,689.8865356445312,631.698974609375
16066,67.3006362915039,719.2670288085938,430.8534240722656,1007.4657592773438
16073,65.73084259033203,505.3919677734375,658.7672729492188,982.1996459960938
16118,47.009159088134766,783.2200927734375,233.6682586669922,923.455810546875
16228,28.329181671142578,360.45001220703125,342.22589111328125,599.50341796875
16236,41.897098541259766,917.5031127929688,312.145751953125,1151.1796875
16237,47.3895149230957,454.408935546875,386.6383972167969,700.7012939453125
16238,89.33248138427734,513.0194091796875,851.1943969726562,1080.71240234375
16332,50.6634407043457,644.0894775390625,348.032958984375,859.16943359375
16356,38.1390266418457,430.892578125,631.3697509765625,897.09765625
16456,100.41802215576172,352.49114990234375,805.7820434570312,879.8959350585938
16468,90.70287322998047,844.942138671875,534.7728881835938,1183.5654296875
16515,45.69968032836914,189.4189453125,811.2402954101562,756.4583740234375
16538,47.32895278930664,1018.3665771484375,91.5525894165039,1056.2266845703125
16681,36.17924880981445,572.872802734375,124.2882308959961,644.3964233398438
16809,49.1848030090332,979.9966430664062,493.37347412109375,1351.0596923828125
16818,23.782779693603516,505.4615173339844,105.93706512451172,567.3070678710938
16845,120.18030548095703,672.3897705078125,825.0521240234375,1227.150146484375
16852,41.629215240478516,701.8283081054688,104.31409454345703,740.23486328125
16891,89.59455108642578,885.6851196289062,442.1170654296875,1150.4669189453125
16944,55.88461685180664,754.6148071289062,675.8790283203125,1239.6456298828125
17007,45.42006301879883,408.27862548828125,662.070556640625,885.89501953125
17132,40.081424713134766,894.2848510742188,206.02304077148438,1014.2339477539062
17177,42.00185012817383,710.8648071289062,111.86458587646484,761.8472290039062
17180,45.372196197509766,679.7437133789062,158.43702697753906,751.5197143554688
17190,57.96005630493164,932.0386962890625,251.20986938476562,1079.9732666015625
17191,83.5845718383789,1025.947265625,350.2791442871094,1267.2490234375
17194,28.745502471923828,135.88507080078125,675.6246948242188,645.181396484375
17208,78.77535247802734,913.9666748046875,362.4523620605469,1131.1605224609375
17216,54.5654182434082,775.9327392578125,410.1109924316406,1054.7083740234375
17222,60.0031623840332,654.0614013671875,370.1300048828125,883.2199096679688
17240,26.212482452392578,458.5578308105469,198.07015991210938,572.06396484375
17285,59.735355377197266,874.2820434570312,359.2608642578125,1108.5595703125
17324,52.70659255981445,750.8743286132812,327.9031982421875,956.0971069335938
17366,58.6147346496582,933.34619140625,231.4069061279297,1063.8155517578125
17403,68.15583038330078,195.3541259765625,813.984130859375,750.1571044921875
17415,81.63013458251953,683.64697265625,678.1904907226562,1147.1871337890625
17419,54.90779495239258,749.595703125,204.42727661132812,867.0906982421875
17449,48.514835357666016,925.78857421875,259.6424865722656,1093.540283203125
17580,46.94260025024414,476.29510498046875,838.14111328125,1087.6878662109375
17591,44.521488189697266,599.046142578125,213.13844299316406,728.48291015625
17604,57.73491287231445,450.4147033691406,373.23187255859375,706.231689453125
17622,44.91475296020508,209.8558349609375,544.0071411132812,579.0103149414062
17653,34.3500862121582,589.3054809570312,65.53144073486328,613.9110107421875
17736,57.29204177856445,448.3047790527344,769.3197631835938,962.743896484375
17775,79.05155181884766,579.7266235351562,777.6220092773438,1111.67041015625
17852,58.941165924072266,943.3455810546875,335.0901794433594,1173.395263671875
17919,58.13125991821289,633.837890625,526.4742431640625,992.521728515625
17925,80.6583023071289,612.2022094726562,812.7102661132812,1175.95703125
17990,64.09949493408203,744.6578369140625,612.7958374023438,1160.37548828125
17997,117.81647491455078,901.7974243164062,785.4395141601562,1438.1676025390625
18064,81.6659164428711,436.4990539550781,917.989013671875,1074.578369140625
18093,19.763843536376953,504.7213439941406,682.5880126953125,1031.0814208984375
18096,75.73407745361328,529.5604248046875,754.0148315429688,1015.743896484375
18120,54.60464859008789,942.7144775390625,208.7762451171875,1052.549072265625
18159,62.11720657348633,859.0704345703125,323.3001403808594,1048.9925537109375
18167,27.850330352783203,487.87060546875,158.96629333496094,586.6986694335938
18168,86.92894744873047,697.9013061523438,571.7749633789062,1070.1905517578125
18232,39.94435501098633,495.08026123046875,197.20301818847656,600.6561279296875
18269,61.06215286254883,511.1075134277344,335.09808349609375,707.64697265625
18281,102.06848907470703,796.0077514648438,462.9776611328125,1059.8214111328125
18346,112.62068939208984,724.4258422851562,655.0651245117188,1119.720458984375
18371,55.96091079711914,890.7478637695312,324.1044921875,1105.3583984375
18374,55.38864517211914,577.3299560546875,347.2206726074219,801.1558227539062
18453,34.14719009399414,275.9032287597656,510.864013671875,651.3023071289062
18490,28.272418975830078,523.1956176757812,325.2316589355469,763.04541015625
18493,40.85135269165039,391.5949401855469,389.8660888671875,662.0199584960938
18546,37.46475601196289,788.7937622070312,83.94280242919922,824.1234130859375
18712,39.02200698852539,596.83203125,295.7087707519531,794.9735717773438
18713,56.70029067993164,171.7364501953125,729.6744384765625,666.0643920898438
18729,69.18061065673828,887.0665283203125,287.5260314941406,1051.1126708984375
18750,48.62663650512695,191.85369873046875,638.9971313476562,648.537109375
18756,67.24407196044922,728.7034301757812,673.9573364257812,1179.002685546875
18784,48.4700813293457,449.2490234375,684.5973510742188,940.14013671875
18796,50.68336868286133,473.3026123046875,285.97308349609375,664.041748046875
18830,35.487064361572266,512.505859375,564.1528930664062,924.6119384765625
18864,60.32724380493164,407.940673828125,564.4712524414062,790.7788696289062
18994,42.45747756958008,278.08709716796875,346.2963562011719,531.3263549804688
19022,56.34122085571289,1025.18359375,395.32843017578125,1351.1871337890625
19043,66.93225860595703,611.6201782226562,363.1393737792969,839.240234375
19080,81.48868560791016,756.3123168945312,812.8677368164062,1326.2432861328125
19082,43.170963287353516,962.0823364257812,533.2744750976562,1358.560546875
19125,27.195331573486328,416.5591125488281,207.17115783691406,556.4821166992188
19179,36.05167007446289,480.2185363769531,212.5284881591797,607.1867065429688
19187,26.527027130126953,306.04058837890625,253.8658447265625,471.39288330078125
19200,61.8723030090332,433.25018310546875,429.9094543457031,713.488525390625
19229,26.128910064697266,758.7224731445312,447.92852783203125,1093.196533203125
19237,62.24745559692383,721.8218383789062,688.6249389648438,1180.866943359375
19239,60.94075393676758,534.4202270507812,860.264404296875,1128.6484375
19261,44.83992385864258,602.7164306640625,143.43556213378906,668.9279174804688
19262,47.75375747680664,691.0201416015625,144.69361877441406,759.943359375
19388,50.9151496887207,974.8059692382812,88.66280364990234,995.1260375976562
19394,33.13986587524414,365.0232238769531,303.052490234375,567.6062622070312
19471,54.52946853637695,289.6753234863281,808.0010375976562,851.0052490234375
19545,49.47285842895508,381.0891418457031,599.9684448242188,804.5653076171875
19558,109.6151351928711,753.6793823242188,908.904541015625,1370.7852783203125
19633,56.4423713684082,803.0828247070312,317.84075927734375,1009.6481323242188
19666,58.170291900634766,85.80290985107422,863.612060546875,706.2000732421875
19745,50.42006301879883,317.4406433105469,412.0151062011719,573.7407836914062
19771,54.54509353637695,741.2135009765625,554.2337646484375,1129.4154052734375
19799,75.38018035888672,1286.2181396484375,344.1018981933594,1523.6461181640625
19834,86.59856414794922,422.90167236328125,559.0231323242188,784.0614013671875
19846,44.916202545166016,328.2795715332031,739.7342529296875,856.1854858398438
19861,57.281192779541016,1017.0762329101562,282.4435119628906,1222.511474609375
19871,67.4790267944336,596.4578857421875,627.380126953125,1014.9382934570312
19926,84.6612777709961,847.1760864257812,533.3389282226562,1193.09521484375
19947,228.96192932128906,905.9918823242188,1029.8497314453125,1440.664794921875
19959,173.5234832763672,589.8172607421875,936.757568359375,1122.736572265625
19962,103.8248062133789,742.83154296875,859.135009765625,1324.8212890625
19963,64.43013763427734,465.3598937988281,514.0868530273438,796.6603393554688
19964,66.94747161865234,1007.7294311523438,213.96768188476562,1105.06298828125
20028,52.9455451965332,313.5915832519531,471.74163818359375,619.5174560546875
20098,62.37808609008789,731.0675048828125,332.35858154296875,945.4713134765625
20243,37.10292434692383,223.275146484375,573.3028564453125,621.627197265625
20259,95.56493377685547,998.9071655273438,664.6640625,1486.3009033203125
20270,65.62067413330078,430.42279052734375,463.781005859375,743.2965087890625
20275,90.16094207763672,565.601318359375,873.5814208984375,1154.8382568359375
20303,37.61856460571289,150.78961181640625,822.047119140625,755.7533569335938
20305,54.71377944946289,650.5440673828125,133.29638671875,702.7618408203125
20309,71.49689483642578,579.2073974609375,333.4561462402344,782.93701171875
20311,83.98870086669922,1064.5499267578125,759.1679077148438,1758.528564453125
20372,52.71548843383789,684.1326904296875,602.4934692382812,1092.6265869140625
20379,60.62654495239258,247.00579833984375,676.3770141601562,713.3967895507812
20383,91.95426177978516,421.585693359375,805.303955078125,942.44384765625
20427,98.8279037475586,710.626708984375,825.3649291992188,1254.626708984375
20438,95.4572525024414,594.5916748046875,826.599609375,1144.325439453125
20476,40.1052131652832,469.08026123046875,847.4300537109375,1097.8101806640625
20483,55.2479133605957,373.85723876953125,676.6537475585938,821.4854125976562
20486,85.81562042236328,667.3622436523438,545.93798828125,1007.531982421875
20558,92.89220428466797,1009.0950927734375,402.6060791015625,1259.995361328125
20671,37.37321853637695,730.0370483398438,131.4644012451172,796.4132690429688
20710,72.59386444091797,585.744384765625,726.0425415039062,1058.4205322265625
20735,60.247501373291016,526.5550537109375,404.59686279296875,795.3413696289062
20754,27.29111099243164,279.4986267089844,274.610107421875,472.11785888671875
20768,50.98990249633789,412.4720153808594,422.6646423339844,712.7440185546875
20834,92.46808624267578,220.19537353515625,898.1466674804688,869.6630859375
20852,86.90399932861328,652.9382934570312,773.82373046875,1163.05126953125
20859,69.18608856201172,443.6898193359375,828.0675659179688,997.45166015625
20917,29.042789459228516,361.23809814453125,255.92527770996094,531.6122436523438
20930,48.09514236450195,646.8518676757812,380.78729248046875,898.3504028320312
20968,71.1781997680664,501.4872131347656,721.6683959960938,992.166259765625
21040,70.03050994873047,699.2945556640625,602.9017333984375,1094.08349609375
21053,29.392200469970703,488.86669921875,128.8484649658203,568.4512329101562
21067,68.44527435302734,452.86968994140625,830.8908081054688,1007.0260620117188
21080,70.93614959716797,442.4825134277344,791.3778076171875,972.878662109375
21098,54.95112991333008,630.5003662109375,925.8386840820312,1263.41845703125
21223,40.86282730102539,594.8809204101562,304.4654235839844,791.9308471679688
21231,47.48881912231445,713.7339477539062,458.7591247558594,1020.102294921875
21296,88.41963958740234,798.0432739257812,480.3709716796875,1093.5750732421875
21299,37.9952278137207,92.97277069091797,855.5890502929688,706.0465698242188
21356,30.25119400024414,255.63958740234375,935.9137573242188,916.3759155273438
21390,53.26156997680664,858.3742065429688,241.90032958984375,1001.6714477539062
21424,31.045475006103516,566.8314819335938,75.65396881103516,601.3302612304688
21486,38.45853042602539,722.2345581054688,155.58384704589844,807.283447265625
21553,45.03374099731445,85.70140838623047,795.4085693359375,638.408935546875
21563,75.2986068725586,542.2346801757812,493.8125305175781,857.3915405273438
21578,124.8671646118164,589.9104614257812,840.2623901367188,1101.2972412109375
21605,122.9009017944336,821.52685546875,498.2550354003906,1135.0059814453125
21655,61.25447463989258,901.9154052734375,468.0410461425781,1232.0615234375
21656,63.386173248291016,762.6788940429688,451.5445251464844,1049.84521484375
21659,75.68192291259766,839.8998413085938,747.89306640625,1373.7391357421875
21732,148.3298797607422,796.358154296875,619.7261962890625,1192.189453125
21781,66.3528060913086,926.3591918945312,505.2931823730469,1287.1666259765625
21793,67.70203399658203,670.5145263671875,774.4930419921875,1185.9935302734375
21822,67.0042495727539,437.783203125,878.69775390625,1037.5802001953125
21836,58.33305740356445,295.5841369628906,657.5784912109375,757.7713012695312
21839,36.70163345336914,373.5744323730469,277.1202087402344,558.68212890625
21997,45.27174758911133,855.0623168945312,410.53021240234375,1126.1820068359375
22052,73.1589126586914,581.1337890625,775.6627807617188,1095.1492919921875
22125,52.748905181884766,815.215087890625,442.4936218261719,1105.4251708984375
22164,20.901981353759766,376.1039123535156,124.82111358642578,450.10882568359375
22165,34.34462356567383,397.3038330078125,359.8977355957031,647.9319458007812
22254,40.14155960083008,1295.719482421875,95.54253387451172,1363.3385009765625
22326,56.4814338684082,443.05841064453125,401.3510437011719,700.6959228515625
22330,40.027957916259766,825.1610717773438,74.57408905029297,850.8541259765625
22331,69.55797576904297,780.5542602539062,315.2073669433594,963.4107055664062
22391,62.31660842895508,498.00250244140625,318.52520751953125,695.4107055664062
22393,39.48910903930664,518.254150390625,479.3576354980469,859.9691162109375
22408,54.742923736572266,312.22808837890625,830.6222534179688,891.6226196289062
22413,152.6665496826172,812.67578125,714.0821533203125,1256.2451171875
22454,81.0077896118164,821.0748291015625,374.65087890625,1044.2322998046875
22475,29.23093032836914,650.0859985351562,167.8797607421875,753.8717041015625
22476,122.14380645751953,795.47265625,740.9481811523438,1309.812744140625
22483,38.37587356567383,758.3822021484375,50.94563674926758,782.1607666015625
22537,104.07048797607422,639.0739135742188,894.3372192382812,1233.2117919921875
22538,54.098575592041016,296.173583984375,633.2369995117188,727.8237915039062
22604,121.39376068115234,845.2201538085938,715.8526000976562,1361.6646728515625
22610,29.726886749267578,477.2613220214844,53.3054084777832,510.3514099121094
22626,33.88435745239258,496.5220642089844,307.9043273925781,693.4208374023438
22723,60.67807388305664,424.5167236328125,369.31524658203125,656.9270629882812
22880,33.9145393371582,729.7217407226562,70.06595611572266,753.4447631835938
22891,60.445743560791016,1042.383056640625,249.351318359375,1204.697509765625
22892,83.99251556396484,641.1509399414062,516.0040893554688,969.6328735351562
22992,82.94298553466797,923.0347900390625,620.703125,1355.0025634765625
22998,65.24617767333984,576.42578125,476.30267333984375,884.6753540039062
23024,29.013019561767578,533.55810546875,358.21246337890625,805.3690185546875
23031,32.90694046020508,254.1981201171875,336.50738525390625,465.0966796875
23060,45.02827835083008,463.6320495605469,276.27685546875,638.9977416992188
23092,40.69108963012695,831.502685546875,157.0226593017578,903.4464111328125
23104,72.63396453857422,1127.417236328125,153.35411071777344,1211.3043212890625
23115,64.9561996459961,347.4879150390625,560.7666015625,731.2412109375
23135,46.568363189697266,431.78582763671875,390.0899658203125,694.29736328125
23173,78.78815460205078,486.9001159667969,635.4780883789062,896.1683959960938
23181,88.56131744384766,862.4337158203125,338.8360900878906,1053.2354736328125
23259,98.87816619873047,736.6904907226562,733.6724243164062,1203.6082763671875
23261,62.449954986572266,950.0526123046875,318.1626281738281,1143.6441650390625
23267,39.981204986572266,814.54736328125,336.6079406738281,1041.008544921875
23294,56.458621978759766,354.5627136230469,729.8598022460938,862.2068481445312
23334,92.7832260131836,653.7138061523438,762.5474243164062,1159.3486328125
23342,25.39224624633789,503.87255859375,47.919254302978516,525.0776977539062
23371,27.216297149658203,469.7581787109375,109.1165542602539,544.9885864257812
23372,31.066608428955078,530.9927368164062,59.46823501586914,553.544921875
23416,40.74148941040039,754.5333251953125,80.58382415771484,785.86669921875
23435,41.243717193603516,569.9210205078125,154.20652770996094,651.575927734375
23464,103.09488677978516,608.2922973632812,978.74462890625,1060.916015625
23489,42.72957229614258,212.20892333984375,814.1661376953125,790.1231079101562
23511,67.58142852783203,1103.0731201171875,723.156005859375,1783.233642578125
23546,63.88371658325195,756.9366455078125,332.4671630859375,946.795654296875
23561,44.77775955200195,791.4379272460938,90.71918487548828,824.8798217773438
23609,47.8144416809082,602.2630004882812,272.0425720214844,773.3626708984375
23680,36.29790115356445,821.9307861328125,114.24666595458984,872.421142578125
23685,85.0526351928711,565.4928588867188,734.4320068359375,1049.9990234375
23728,38.36409378051758,617.346435546875,294.9554443359375,814.9451904296875
23820,62.83296585083008,1231.7359619140625,291.1810607910156,1472.997802734375
23835,59.71745681762695,907.0751953125,218.2557830810547,1027.05078125
23858,86.01854705810547,1097.0015869140625,551.4166870117188,1644.087890625
23861,25.371219635009766,368.34033203125,127.5201644897461,450.1194763183594
23883,24.373462677001953,353.7473449707031,817.0748291015625,933.5182495117188
23916,50.7969856262207,304.2107238769531,513.6900634765625,650.8850708007812
23961,97.8404312133789,658.5301513671875,1035.665771484375,1480.20947265625
23986,26.49344253540039,172.16180419921875,660.864501953125,672.6979370117188
24053,72.5291976928711,815.1460571289062,627.5328369140625,1247.5367431640625
24077,166.73733520507812,836.8204956054688,880.6070556640625,1442.9234619140625
24142,135.9419403076172,698.29638671875,845.5554809570312,1242.8416748046875
24164,46.6336555480957,547.3260498046875,429.9258117675781,848.625
24291,35.18025588989258,387.1461181640625,203.69859313964844,517.2964477539062
24307,30.90060806274414,363.116943359375,363.38836669921875,617.5534057617188
24380,82.42119598388672,844.4085693359375,906.4934692382812,1492.369873046875
24381,50.033756256103516,294.3565979003906,536.3458251953125,655.429443359375
24422,25.642108917236328,382.7571105957031,347.6801452636719,634.524658203125
24450,28.780231475830078,444.3751525878906,56.01736831665039,473.17315673828125
24527,125.2026138305664,703.5419311523438,785.3283081054688,1208.0673828125
24544,55.49089431762695,731.529296875,548.8701171875,1097.1199951171875
24558,34.01114273071289,615.8253173828125,84.62825775146484,659.6763305664062
24662,36.1535530090332,1443.182373046875,177.3426513671875,1583.150634765625
24752,66.78560638427734,1081.0634765625,649.6434936523438,1647.3741455078125
24763,40.569034576416016,877.0482177734375,66.6498794555664,900.8391723632812
24950,61.40275955200195,445.70819091796875,406.14483642578125,713.5656127929688
24976,56.65787124633789,453.7057189941406,630.4814453125,898.302734375
25014,32.84451675415039,518.1174926757812,175.85633850097656,624.272216796875
25065,63.15864944458008,592.8604736328125,685.2962646484375,1078.81103515625
25072,38.05850601196289,406.30328369140625,670.8873901367188,901.212890625
25080,67.11856842041016,495.5899963378906,835.542236328125,1036.4398193359375
25094,50.987003326416016,621.2100830078125,336.9388122558594,840.7288208007812
25105,53.09291458129883,321.23516845703125,780.2300415039062,869.8602294921875
25112,78.7509994506836,651.857177734375,690.8849487304688,1127.9345703125
25135,40.86598587036133,1238.8203125,48.073734283447266,1260.3084716796875
25142,47.862369537353516,1438.064453125,30.81088638305664,1479.1640625
25162,88.9753646850586,685.669189453125,779.65576171875,1201.1729736328125
25324,58.52248001098633,1039.2164306640625,119.6302261352539,1091.0673828125
25399,78.84976959228516,146.74029541015625,924.5908203125,790.877685546875
25401,57.98018264770508,475.0621643066406,707.9923706054688,955.1527709960938
25489,27.873676300048828,551.6838989257812,423.2462158203125,871.6528930664062
25530,57.669681549072266,136.3448486328125,859.8577880859375,754.0208129882812
25583,76.85433197021484,618.1986083984375,527.6134643554688,954.7677612304688
25815,62.724735260009766,509.9497375488281,838.40234375,1087.0174560546875
25880,43.376529693603516,865.19775390625,340.5400695800781,1134.1473388671875
25962,26.75815200805664,377.38519287109375,396.4580993652344,640.5415649414062
25963,84.92339324951172,998.6806640625,300.8987121582031,1184.790283203125
25975,74.78487396240234,765.5576782226562,531.5028076171875,1104.1815185546875
25988,63.243473052978516,852.1393432617188,122.33690643310547,916.3050537109375
26006,47.209964752197266,810.1026611328125,297.20489501953125,986.5360717773438
26046,28.65170669555664,315.6265563964844,269.3478088378906,491.5906677246094
26191,20.872089385986328,308.7881164550781,327.5936584472656,543.9317626953125
26233,62.06332778930664,670.9185180664062,439.2848815917969,948.2267456054688
26263,33.62782669067383,176.33197021484375,654.219482421875,655.944091796875
26272,46.06552505493164,400.5453186035156,609.284423828125,836.7113647460938
26303,0.5429878830909729,355.8162841796875,772.1571655273438,982.3667602539062
26374,80.71639251708984,524.0928955078125,627.5700073242188,903.0982666015625
26391,54.930484771728516,553.0228271484375,423.9057922363281,850.0308227539062
26393,78.78447723388672,424.97552490234375,583.8255615234375,778.6214599609375
26395,61.212223052978516,851.3388061523438,413.4488830566406,1099.3917236328125
26428,47.7949104309082,842.3060302734375,221.23789978027344,969.3860473632812
26489,33.63612747192383,579.9656982421875,124.77701568603516,643.4263305664062
26492,58.6854133605957,728.9205322265625,353.9820556640625,967.6289672851562
26565,84.25005340576172,790.0667724609375,868.1766357421875,1422.554443359375
26628,32.97453689575195,604.0054321289062,44.11943435668945,616.8842163085938
26654,33.87019729614258,566.3175048828125,102.80989837646484,620.9522094726562
26659,59.75008010864258,591.6273803710938,442.8735656738281,897.8594360351562
26760,94.97956085205078,468.9203796386719,879.1651000976562,1031.8978271484375
26839,19.446903228759766,485.284912109375,452.7275390625,837.4510498046875
26853,26.224567413330078,319.10791015625,762.4692993164062,885.4246826171875
26858,32.1011848449707,102.90904998779297,849.4127807617188,714.094482421875
26881,42.70744705200195,686.2551879882812,287.9021301269531,881.9461059570312
26888,49.68466567993164,292.4627380371094,714.630126953125,785.75244140625
26930,52.97002029418945,458.1578674316406,363.4772033691406,695.455322265625
26931,29.869098663330078,329.8189697265625,399.30792236328125,603.5301513671875
26967,64.85558319091797,735.6239013671875,568.6641845703125,1107.4298095703125
26973,51.065250396728516,1016.3963623046875,558.2072143554688,1484.75048828125
27005,63.90895462036133,959.29296875,412.6545104980469,1256.952880859375
27107,66.22699737548828,568.0611572265625,564.8452758789062,916.67529296875
27116,52.914676666259766,576.8279418945312,677.9996948242188,1070.089599609375
27121,46.66708755493164,283.8564453125,755.235595703125,838.8765869140625
27152,86.21106719970703,733.2673950195312,555.360107421875,1081.4677734375
27233,71.25653839111328,735.7522583007812,599.9581909179688,1150.6229248046875
27245,34.89181900024414,403.7135314941406,411.9776916503906,711.1204223632812
27312,45.12715530395508,373.8897705078125,257.916748046875,542.1803588867188
27341,60.31027603149414,1009.3163452148438,169.0261993408203,1095.929443359375
27396,63.1711311340332,789.2725830078125,953.075439453125,1480.21484375
27398,57.287479400634766,420.23016357421875,766.9566040039062,941.268310546875
27420,70.8674545288086,190.96002197265625,657.8885498046875,656.2804565429688
27546,68.21239471435547,807.8599853515625,173.3384552001953,903.35986328125
27559,62.60820388793945,783.8085327148438,382.126220703125,1028.5262451171875
27571,64.77835845947266,791.3834838867188,434.1563415527344,1075.93310546875
27587,47.59010696411133,397.6833190917969,616.1261596679688,844.4343872070312
27601,12.616657257080078,486.822998046875,930.658935546875,1156.2900390625
27603,40.4573860168457,633.986572265625,323.1745910644531,848.5380859375
27634,79.75008392333984,695.0952758789062,868.1251831054688,1289.746826171875
27645,51.33115005493164,390.3547668457031,717.3599853515625,872.567138671875
27663,126.9573745727539,737.21337890625,715.9678955078125,1182.16455078125
27714,52.94374465942383,457.2895812988281,648.6132202148438,891.1515502929688
27762,41.91379165649414,241.37005615234375,749.0783081054688,773.0542602539062
27795,37.351322174072266,943.115234375,376.3052978515625,1226.1602783203125
27956,61.02165603637695,798.5259399414062,688.7280883789062,1301.2081298828125
27958,63.3060188293457,340.2723083496094,469.19122314453125,655.5099487304688
27959,67.29718780517578,367.63262939453125,710.1433715820312,848.6951904296875
27969,57.447086334228516,419.6249694824219,441.3916320800781,714.1536254882812
27993,82.9501724243164,484.5546569824219,705.9125366210938,916.0208129882812
28021,36.19783401489258,485.03955078125,75.06810760498047,524.6040649414062
28030,54.516483306884766,716.6201171875,218.08160400390625,836.364501953125
28096,22.911914825439453,437.12335205078125,157.85830688476562,538.2174682617188
28172,56.04849624633789,246.91363525390625,686.9714965820312,718.847900390625
28183,29.43564224243164,346.970703125,727.9049682617188,893.9678344726562
28195,60.75033950805664,817.4526977539062,270.3846435546875,986.3701782226562
28353,49.88832473754883,485.3758544921875,270.3423156738281,654.02392578125
28398,45.73402786254883,688.6271362304688,310.6352233886719,890.9979858398438
28422,55.07583999633789,891.4022216796875,347.7286071777344,1126.627197265625
28464,51.5624885559082,260.29095458984375,373.35906982421875,514.2232055664062
28469,46.12483596801758,310.2595520019531,724.3316650390625,814.427734375
28478,42.09282302856445,876.7988891601562,66.42498016357422,896.45703125
28560,48.379093170166016,889.4680786132812,482.47174072265625,1262.987548828125
28594,84.30525970458984,888.609375,634.7185668945312,1340.96337890625
28597,28.536243438720703,346.2779235839844,217.9447479248047,482.98577880859375
28677,62.37820816040039,479.1413269042969,327.45013427734375,680.2935180664062
28736,55.76535415649414,748.9610595703125,247.28506469726562,891.7606201171875
28739,76.50394439697266,911.7771606445312,846.446044921875,1536.4434814453125
28802,59.894535064697266,1103.3280029296875,569.879150390625,1585.3590087890625
28804,51.537296295166016,277.25048828125,849.039794921875,878.0076293945312
28831,29.42160415649414,532.7579345703125,73.63982391357422,561.94677734375
28915,52.11124038696289,821.9767456054688,337.064697265625,1034.7818603515625
28917,40.209293365478516,266.369873046875,727.390625,794.102783203125
28965,36.250064849853516,329.9569396972656,369.58026123046875,580.9608154296875
28987,155.2085418701172,691.2929077148438,794.2508544921875,1180.356201171875
28998,184.28073120117188,616.1576538085938,1101.9447021484375,1347.17431640625
29008,52.911258697509766,370.2385559082031,779.5477905273438,913.2443237304688
29012,21.324771881103516,516.4930419921875,64.20397186279297,557.2896728515625
29018,62.53032302856445,253.3089599609375,583.6310424804688,666.3065185546875
29123,30.666446685791016,517.7794799804688,203.38604736328125,640.0303344726562
29141,46.7866096496582,856.6067504882812,239.94039916992188,1001.7808837890625
29164,16.705860137939453,346.8485412597656,809.4886474609375,973.902099609375
29167,49.20053482055664,637.981689453125,509.0032958984375,991.7931518554688
29174,61.997623443603516,952.6705932617188,236.19029235839844,1091.452880859375
29178,80.99193572998047,744.7420043945312,684.2354125976562,1211.469482421875
29182,65.96869659423828,957.3135986328125,397.7298278808594,1231.25439453125
29200,42.0873908996582,230.52215576171875,821.2794189453125,809.86865234375
29236,91.71854400634766,438.5910949707031,565.2291870117188,789.777099609375
29237,78.85901641845703,778.2302856445312,547.1595458984375,1141.0970458984375
29282,117.91419219970703,529.189208984375,868.546875,1092.9693603515625
29286,39.3731575012207,613.3543090820312,114.20397186279297,658.0611572265625
29498,25.429401397705078,329.7898254394531,265.0224914550781,505.7032775878906
29550,23.240894317626953,313.92694091796875,710.6204223632812,844.9364624023438
29563,59.4193000793457,949.0194091796875,235.92689514160156,1075.3377685546875
29585,52.22377395629883,786.98681640625,908.3369140625,1508.3948974609375
29593,142.7449951171875,699.9449462890625,723.123046875,1118.5528564453125
29645,29.089557647705078,517.1064453125,50.64711380004883,533.9298706054688
29669,57.652652740478516,504.3463134765625,676.1136474609375,965.8784790039062
29780,48.50471878051758,1136.4969482421875,699.3040771484375,1813.8272705078125
29854,68.48101043701172,1030.6668701171875,330.7702331542969,1264.6331787109375
29906,56.59122085571289,939.37109375,199.9567413330078,1042.43212890625
29956,50.12334060668945,683.380859375,267.8467102050781,853.7587890625
30034,75.5499496459961,584.4295043945312,681.4750366210938,1032.3004150390625
30089,34.72629165649414,396.2880859375,298.1048889160156,594.2698974609375
30093,55.58505630493164,967.6718139648438,574.925537109375,1440.0992431640625
30097,46.23154067993164,129.99542236328125,829.237548828125,700.4664916992188
30112,49.233707427978516,407.9314880371094,818.3311767578125,958.0913696289062
30121,42.83305740356445,455.9465026855469,387.30084228515625,726.0747680664062
30200,71.26836395263672,877.3267822265625,452.99322509765625,1185.134033203125
30204,50.34683609008789,1041.4381103515625,240.38323974609375,1198.25244140625
30215,16.372608184814453,324.4915771484375,322.4130554199219,559.0799560546875
30242,130.41763305664062,1033.102783203125,597.7142944335938,1421.6014404296875
30247,109.54431915283203,722.7595825195312,697.1032104492188,1169.4063720703125
30274,75.70116424560547,796.379150390625,561.5009155273438,1171.103515625
30315,74.56815338134766,542.9306640625,524.8748779296875,866.656005859375
30437,58.3028450012207,798.926025390625,466.75335693359375,1113.6005859375
30510,74.2552261352539,753.456298828125,506.8656005859375,1088.25341796875
30583,66.0602798461914,560.88037109375,459.6108703613281,858.9978637695312
30615,30.380084991455078,467.56341552734375,82.0970230102539,514.4190063476562
30683,53.7858772277832,1209.13330078125,119.45232391357422,1284.343994140625
30699,42.541507720947266,508.2860107421875,520.8172607421875,885.718505859375
30724,30.347919464111328,192.35552978515625,533.5130615234375,580.8240966796875
30742,107.1119613647461,542.0061645507812,557.0635375976562,872.1566772460938
30796,77.98151397705078,742.3832397460938,640.6220092773438,1158.2506103515625
30934,65.49832916259766,690.622802734375,629.0307006835938,1126.4117431640625
30965,66.09491729736328,307.6302490234375,590.403076171875,693.444580078125
31018,40.20952224731445,564.1102294921875,125.10079193115234,626.7720336914062
31033,51.61751174926758,956.595458984375,65.60163116455078,970.7296752929688
31045,130.95709228515625,827.0951538085938,696.2669067382812,1248.032958984375
31086,33.67007827758789,606.9796752929688,104.2405014038086,655.7740478515625
31098,37.676456451416016,723.1292724609375,475.1138000488281,1048.181396484375
31101,34.3333625793457,778.3795166015625,82.40454864501953,814.4840698242188
31168,64.39136505126953,749.5729370117188,272.84954833984375,896.0753173828125
31182,41.55669021606445,293.2322998046875,615.4151000976562,742.3174438476562
31229,47.31123733520508,504.5695495605469,569.3468627929688,894.6488647460938
31252,33.55281448364258,591.2369995117188,142.3109130859375,663.8456420898438
31292,72.28397369384766,140.5361328125,720.5296020507812,653.1749267578125
31297,18.417346954345703,404.92205810546875,121.34915924072266,481.55377197265625
31331,30.070865631103516,888.64453125,557.2025146484375,1349.3280029296875
31392,49.63335037231445,694.166259765625,671.0814208984375,1181.712646484375
31398,45.6553840637207,504.4970703125,672.8507690429688,968.2385864257812
31443,28.288349151611328,314.7347412109375,347.2867736816406,554.2626342773438
31515,49.673892974853516,722.3020629882812,112.67772674560547,775.1484985351562
31556,42.37051773071289,654.4772338867188,239.9928436279297,802.2095336914062
31561,51.82687759399414,348.36285400390625,390.4285583496094,606.366455078125
31634,48.10918045043945,513.6762084960938,646.1342163085938,1009.1614379882812
31641,45.29434585571289,412.81683349609375,849.58837890625,1039.6741943359375
31700,48.04298782348633,138.8399658203125,788.4765014648438,680.9000854492188
31749,51.22121047973633,1012.0390625,71.59476470947266,1026.678466796875
31863,68.77791595458984,428.40911865234375,654.662353515625,852.1448364257812
31881,112.90776824951172,697.1967163085938,840.5206298828125,1235.8133544921875
31932,52.60914993286133,236.64007568359375,673.4790649414062,690.6685180664062
32004,64.6241226196289,790.193359375,742.5584106445312,1375.6378173828125
32050,125.64398956298828,922.9708862304688,681.1568603515625,1352.4356689453125
32067,68.84366607666016,636.7195434570312,721.6431884765625,1111.280029296875
32101,28.443653106689453,829.4398193359375,304.4903869628906,1050.2076416015625
32106,75.31987762451172,624.3182983398438,546.4978637695312,973.3912353515625
32119,20.822956085205078,596.98583984375,280.1647033691406,799.0264282226562
32152,80.39893341064453,77.78490447998047,970.8311767578125,768.4649047851562
32159,41.57309341430664,548.3677368164062,779.87158203125,1123.26806640625
32182,23.750415802001953,345.8829345703125,291.8607482910156,534.905029296875
32264,47.9446907043457,337.5923156738281,420.56634521484375,634.8656005859375
32281,20.721027374267578,492.70361328125,65.77010345458984,536.5913696289062
32303,44.923954010009766,152.21295166015625,777.3995361328125,690.0513305664062
32310,43.0237922668457,522.8310546875,205.22250366210938,648.4202270507812
32337,88.5399398803711,768.478759765625,528.918212890625,1074.24267578125
32366,32.50020217895508,352.7618713378906,374.6836242675781,610.2183227539062
32387,23.120121002197266,404.4038391113281,207.98585510253906,543.0388793945312
32415,22.87778091430664,234.371826171875,438.5859375,530.6266479492188
32431,17.115894317626953,450.6774597167969,109.19347381591797,514.6341552734375
32442,49.12613296508789,792.4171142578125,217.79547119140625,909.54931640625
32477,30.804019927978516,410.6534729003906,378.5445556640625,661.2026977539062
32479,57.126407623291016,223.5543212890625,671.8359375,703.0952758789062
32493,50.080448150634766,804.9690551757812,511.6592712402344,1154.5997314453125
32513,76.94913482666016,767.2040405273438,557.6858520507812,1120.1468505859375
32551,45.480106353759766,1394.77978515625,161.32748413085938,1504.55908203125
32626,66.54505157470703,356.0911560058594,777.7291259765625,877.4476928710938
32631,35.62065505981445,812.6708984375,86.13787078857422,843.7185668945312
32641,71.4645004272461,305.9493713378906,987.9566040039062,944.8886108398438
32701,83.1747817993164,503.8714904785156,792.73583984375,1038.531005859375
32714,53.97879409790039,731.2760009765625,170.6188201904297,831.7779541015625
32764,85.98798370361328,747.187255859375,348.98321533203125,942.5095825195312
32798,44.43754959106445,889.45263671875,295.9173278808594,1082.027099609375
32866,32.31654739379883,367.65185546875,269.23822021484375,542.6026000976562
32888,40.05661392211914,461.7230224609375,695.2735595703125,984.9701538085938
32928,34.79265213012695,843.5436401367188,43.39998245239258,857.6275024414062
32954,48.89375686645508,656.9512939453125,346.4872741699219,879.114990234375
32988,61.02864456176758,1018.3653564453125,677.6533813476562,1571.5048828125
33024,91.03064727783203,652.719970703125,633.0826416015625,1059.5845947265625
33046,84.20220184326172,1090.17578125,475.8550720214844,1482.7989501953125
33081,61.75697708129883,394.9750061035156,441.07159423828125,693.146240234375
33084,43.2702522277832,643.5552978515625,384.5360412597656,905.7399291992188
33252,69.59168243408203,1029.67919921875,357.62603759765625,1305.38671875
33259,132.3218231201172,1173.0897216796875,379.98370361328125,1427.9019775390625
33275,134.95599365234375,646.6027221679688,788.2859497070312,1145.2220458984375
33304,108.55748748779297,1254.71337890625,397.1955261230469,1623.8287353515625
33357,51.46855545043945,896.0921630859375,240.0749969482422,1059.2757568359375
33434,17.572589874267578,334.695556640625,552.2150268554688,753.10791015625
33518,45.02397537231445,799.0191650390625,123.68785858154297,854.2044067382812
33551,47.26686477661133,954.2120971679688,209.5963897705078,1075.643798828125
33598,124.36115264892578,811.4751586914062,688.1190185546875,1237.7657470703125
33651,97.43070220947266,391.3622131347656,924.046875,1011.0346069335938
33665,31.874576568603516,606.4464721679688,59.94289016723633,625.8832397460938
33682,95.52787017822266,488.7348327636719,763.2938842773438,972.4281005859375
33690,93.27530670166016,899.1557006835938,530.091552734375,1214.734619140625
33743,44.854068756103516,941.3199462890625,243.4083709716797,1095.763916015625
33764,57.192813873291016,966.9390258789062,570.9781494140625,1409.078857421875
33804,45.67891311645508,490.14703369140625,331.20745849609375,718.4507446289062
33858,25.077564239501953,226.93524169921875,732.7577514648438,784.4114379882812
33872,47.38364028930664,905.0029907226562,82.8578109741211,932.4840698242188
33896,108.63463592529297,786.4668579101562,704.7199096679688,1246.521728515625
33897,65.1615219116211,785.3310546875,286.59808349609375,950.4248046875
33942,52.458988189697266,507.2952880859375,284.62969970703125,684.5579833984375
34114,60.886112213134766,1038.3531494140625,228.5962371826172,1180.4482421875
34115,50.14018630981445,747.781494140625,261.0978088378906,905.8470458984375
34151,51.99240493774414,1021.9105834960938,361.116943359375,1319.9959716796875
34163,27.538394927978516,571.0510864257812,184.2097625732422,695.8609619140625
34170,65.63512420654297,678.198486328125,540.7259521484375,1037.1802978515625
34212,147.4730224609375,729.2017822265625,908.2314453125,1296.9364013671875
34214,53.998355865478516,333.37554931640625,867.8648071289062,946.4083862304688
34245,79.35327911376953,1009.03857421875,624.7238159179688,1517.937255859375
34247,54.69926834106445,1337.8289794921875,155.7639923095703,1482.83154296875
34332,63.919620513916016,742.35302734375,360.89495849609375,966.5252075195312
34339,40.64773941040039,557.9783935546875,442.92657470703125,863.4681396484375
34362,29.860767364501953,196.5699462890625,555.6802978515625,607.5205688476562
34495,31.941638946533203,627.3983154296875,395.41357421875,901.1754150390625
34508,46.046207427978516,902.8931884765625,331.31402587890625,1115.4102783203125
34543,67.43656158447266,909.9038696289062,418.0908203125,1216.2427978515625
34614,46.86317825317383,438.6325988769531,318.0064697265625,641.7694091796875
34667,113.53528594970703,729.93994140625,815.6427001953125,1242.5599365234375
34774,39.28578567504883,363.890869140625,962.8876342773438,1057.161865234375
34791,53.5286750793457,851.8034057617188,253.46299743652344,1014.0084228515625
34824,66.97161102294922,952.2052612304688,221.69158935546875,1076.5894775390625
34910,13.467884063720703,321.05908203125,141.54310607910156,428.46875
34934,9.773792266845703,574.4776000976562,591.1572265625,1016.0003662109375
34957,48.76248550415039,995.4597778320312,133.89866638183594,1055.2822265625
34973,44.80159378051758,283.5441589355469,617.2543334960938,703.040771484375
34990,44.615421295166016,669.4130249023438,240.24473571777344,809.9120483398438
34994,71.08173370361328,844.8572998046875,548.8310546875,1223.3106689453125
34998,45.14633560180664,552.383056640625,126.3560562133789,610.537109375
35081,57.33829116821289,981.191162109375,248.54541015625,1143.7999267578125
35102,111.88312530517578,889.11865234375,805.3942260742188,1476.37109375
35123,67.98113250732422,1015.192138671875,279.1579895019531,1205.2193603515625
35131,72.26407623291016,486.7483215332031,897.8877563476562,1107.8765869140625
35187,57.90793228149414,818.0292358398438,329.8319091796875,1028.3818359375
35189,51.94290542602539,463.22723388671875,799.0452270507812,995.1804809570312
35223,131.8087158203125,515.1641845703125,595.5682373046875,895.6629638671875
35341,26.80929946899414,579.0956420898438,475.4271545410156,950.9644165039062
35360,66.02115631103516,298.2454833984375,591.5887451171875,699.29541015625
35388,35.893314361572266,537.8184814453125,166.8146209716797,636.1775512695312
35470,34.32081985473633,569.5689086914062,147.03639221191406,644.4963989257812
35476,59.14273452758789,953.8863525390625,96.96076202392578,984.5765380859375
35492,46.82646560668945,674.0330810546875,255.6039276123047,830.4486083984375
35648,101.88497161865234,810.5791015625,861.8423461914062,1451.2166748046875
35652,44.92107009887695,147.59442138671875,746.9005126953125,668.3259887695312
35684,78.25264739990234,101.91979217529297,960.2142333984375,772.4305419921875
35699,47.11348342895508,644.4439086914062,273.6556701660156,812.9949340820312
35703,37.67697525024414,443.19512939453125,323.6678771972656,667.9027709960938
35719,112.4496841430664,604.6278686523438,632.3938598632812,954.1201171875
35738,43.67836380004883,615.0438842773438,123.15621185302734,675.88623046875
35799,78.50572967529297,775.1927490234375,836.3600463867188,1345.772705078125
35851,34.31120681762695,528.0121459960938,179.38250732421875,639.7976684570312
35868,54.044559478759766,612.9904174804688,330.2450866699219,833.2879028320312
35873,71.97850799560547,411.4447326660156,737.1004028320312,888.29052734375
35962,52.949649810791016,472.44610595703125,532.0228271484375,848.0071411132812
