5,83.37798309326172,907.7647705078125,531.0409545898438,1247.365478515625
10,47.63840103149414,550.130126953125,442.04351806640625,853.3638305664062
13,42.793190002441406,578.4725341796875,612.3896484375,993.6414184570312
30,44.42023849487305,322.9919128417969,299.8053283691406,507.69207763671875
32,26.347383499145508,520.0613403320312,335.6756896972656,762.5896606445312
48,51.38997268676758,1026.90966796875,159.9894256591797,1104.9100341796875
64,21.6829891204834,420.4530334472656,218.4495086669922,569.861083984375
78,31.270545959472656,186.74807739257812,658.541015625,655.7572631835938
90,29.379831314086914,254.46868896484375,459.8222351074219,565.3447875976562
118,66.53803253173828,1259.3345947265625,175.589111328125,1338.6883544921875
137,69.23505401611328,689.0154418945312,822.8277587890625,1241.75634765625
142,95.28074645996094,320.1677551269531,715.8897094726562,765.9219970703125
161,49.410491943359375,806.864013671875,295.0065002441406,988.99755859375
168,6.2504167556762695,464.7469787597656,658.3488159179688,1026.38037109375
190,23.69167709350586,720.4561767578125,860.8707275390625,1404.220458984375
229,39.44962692260742,365.3121337890625,639.2941284179688,807.4346923828125
260,63.62752914428711,737.7964477539062,473.4670715332031,1034.89990234375
285,49.130252838134766,322.66748046875,381.73291015625,566.5367431640625
286,8.76996898651123,50.760868072509766,913.783935546875,686.24853515625
441,82.2591781616211,451.46142578125,746.623046875,919.2921142578125
486,48.1518440246582,690.9498901367188,408.93170166015625,955.7523193359375
511,46.05220031738281,779.6456298828125,237.7360382080078,919.0202026367188
572,48.28544235229492,1043.497802734375,912.8027954101562,1734.7786865234375
576,75.60535430908203,455.1145935058594,542.3350830078125,811.6913452148438
577,56.0499267578125,1037.0423583984375,148.13002014160156,1107.0311279296875
622,80.11441040039062,775.0144653320312,563.281005859375,1140.4327392578125
667,212.6498260498047,54.13861846923828,857.77294921875,619.5712280273438
678,37.800506591796875,583.0235595703125,216.67250061035156,727.2213745117188
794,155.17689514160156,924.1312255859375,1048.56982421875,1610.1873779296875
801,35.4512939453125,672.638916015625,249.0489501953125,846.2876586914062
813,109.23087310791016,998.97607421875,716.3189086914062,1454.6160888671875
843,45.4747314453125,989.1616821289062,79.50495910644531,1014.7569580078125
910,50.92878723144531,685.3353271484375,491.9727783203125,1010.802978515625
998,80.42652130126953,461.66973876953125,772.642578125,972.3350830078125
1024,50.243988037109375,617.6076049804688,304.32037353515625,818.9901123046875
1032,32.79378890991211,451.0118103027344,181.67626953125,562.144287109375
1067,85.55713653564453,614.0650634765625,689.8826293945312,1055.5787353515625
1095,29.995439529418945,597.8068237304688,42.7706184387207,607.1673583984375
1125,48.98366928100586,624.13427734375,501.1415710449219,978.4169311523438
1147,37.53915023803711,653.9463500976562,159.3321533203125,746.9501953125
1275,57.61391067504883,562.1265258789062,328.4547119140625,771.2134399414062
1412,56.307823181152344,242.07740783691406,910.518310546875,916.891357421875
1451,78.16812133789062,193.28582763671875,788.037841796875,732.5289916992188
1467,24.157583236694336,449.9452819824219,93.67015075683594,508.2248229980469
1473,67.70611572265625,908.8817138671875,369.52166748046875,1155.5361328125
1490,25.78895378112793,443.961669921875,71.55694580078125,478.5448303222656
1518,48.73294448852539,379.1434020996094,821.6223754882812,939.4382934570312
1571,50.17112731933594,745.8616943359375,204.5677947998047,864.6598510742188
1587,37.34174728393555,716.1758422851562,84.48758697509766,750.6441650390625
1614,76.16043090820312,932.355712890625,853.048828125,1497.1805419921875
1661,33.657562255859375,497.1412048339844,83.10449981689453,532.3413696289062
1690,53.97792434692383,490.2755432128906,380.5651550292969,740.388671875
1691,29.64483642578125,287.06915283203125,425.45513916015625,573.2179565429688
1751,51.92341232299805,508.4002380371094,484.6914978027344,824.7103881835938
1811,25.915849685668945,498.7442321777344,72.63157653808594,532.3283081054688
1817,51.85225296020508,464.5433654785156,796.3197631835938,1004.12939453125
1983,44.871212005615234,726.02490234375,275.5540771484375,895.90234375
2001,98.06900024414062,829.2869873046875,363.8534240722656,1030.650146484375
2014,63.96128845214844,551.733154296875,624.0006713867188,961.0048828125
2053,64.58356475830078,870.0119018554688,681.5038452148438,1345.3753662109375
2059,81.2054443359375,1098.1611328125,440.05804443359375,1368.05419921875
2247,66.7716293334961,297.18328857421875,653.06787109375,720.6564331054688
2373,61.473751068115234,616.5647583007812,861.6260986328125,1198.2366943359375
2509,56.336483001708984,733.5610961914062,378.18975830078125,982.223876953125
2613,100.28107452392578,814.7970581054688,402.1443786621094,1033.4556884765625
2636,46.4928092956543,748.8836059570312,506.4885559082031,1100.0323486328125
2647,87.71977996826172,1112.6053466796875,330.3836975097656,1285.5296630859375
2665,165.1059112548828,604.1810913085938,1088.777587890625,1291.615966796875
2685,58.59218215942383,875.3080444335938,413.17156982421875,1145.363037109375
2721,83.18783569335938,817.21044921875,435.971923828125,1074.40625
2722,22.14633560180664,306.65179443359375,325.345703125,524.3507690429688
2746,69.7992935180664,340.46942138671875,847.4173583984375,923.60498046875
2757,42.854583740234375,796.8053588867188,500.73858642578125,1150.3502197265625
2765,62.103797912597656,789.208740234375,560.4645385742188,1148.350341796875
2776,103.74365997314453,149.6313018798828,668.5496826171875,590.7594604492188
2780,52.089351654052734,449.93646240234375,502.94927978515625,778.0881958007812
2786,56.3350830078125,820.219482421875,464.9737548828125,1122.1680908203125
2891,65.43660736083984,711.6517333984375,785.1180419921875,1202.64794921875
2901,51.51432418823242,618.8614501953125,591.9666137695312,1014.8295288085938
2969,91.20734405517578,245.0959930419922,813.1779174804688,789.8925170898438
3009,57.515113830566406,1074.96044921875,168.6554412841797,1156.060791015625
3019,72.80525207519531,624.525390625,588.8688354492188,1049.611328125
3038,44.250633239746094,559.5819702148438,267.7800598144531,731.743408203125
3118,103.39933776855469,1122.51513671875,758.3915405273438,1610.58447265625
3135,63.71391677856445,156.3480987548828,569.4472045898438,535.16162109375
3143,41.32746505737305,126.64344024658203,945.171630859375,781.8605346679688
3146,63.36799621582031,762.8953857421875,725.2008056640625,1259.5682373046875
3185,15.715851783752441,232.0086212158203,705.6990966796875,761.349853515625
3281,28.437841415405273,275.6650085449219,307.47869873046875,482.1547546386719
3382,62.477413177490234,962.0292358398438,360.7673034667969,1182.150146484375
3412,50.308502197265625,822.1343383789062,308.7444152832031,1026.035888671875
3414,54.08303451538086,1019.6431884765625,145.52450561523438,1083.225830078125
3420,47.95041275024414,651.1907958984375,243.35081481933594,798.8963012695312
3433,69.03619384765625,669.60791015625,679.5001831054688,1120.046630859375
3452,11.784475326538086,109.55525207519531,796.0232543945312,635.5927124023438
3589,58.854156494140625,727.0800170898438,180.14169311523438,817.5729370117188
3775,41.405147552490234,571.6851196289062,286.8128662109375,763.3888549804688
3777,-10.601278305053711,61.92013931274414,764.8377685546875,628.4315185546875
3811,65.34144592285156,1073.84375,715.4268188476562,1593.4521484375
3816,110.65739440917969,1057.7947998046875,434.4007873535156,1290.410888671875
3927,32.79730224609375,528.1334228515625,204.3184356689453,656.4117431640625
3973,45.39197540283203,936.7003173828125,91.64431762695312,967.7929077148438
4032,138.37152099609375,860.7476196289062,928.2803955078125,1459.427734375
4038,25.686920166015625,506.9425048828125,44.8720703125,521.8923950195312
4048,44.91102981567383,675.0769653320312,944.0950317382812,1310.62109375
4052,85.86421966552734,345.0207214355469,703.7909545898438,791.1099243164062
4094,77.71046447753906,569.4240112304688,570.7550659179688,944.7188110351562
4104,14.97504997253418,192.66726684570312,639.9140014648438,668.6254272460938
4117,40.6568489074707,659.5296020507812,137.0743865966797,731.2861938476562
4145,50.93061447143555,333.2110290527344,618.7233276367188,735.3821411132812
4163,56.94782638549805,728.63720703125,235.62265014648438,861.3411865234375
4220,76.25377655029297,535.627685546875,445.0968322753906,806.9614868164062
4236,-6.978774070739746,165.65292358398438,862.75,849.8796997070312
4257,29.99620246887207,642.4404296875,83.04884338378906,680.7925415039062
4322,21.770545959472656,356.7870178222656,59.496360778808594,383.26763916015625
4408,43.52368927001953,845.2820434570312,88.92406463623047,879.1950073242188
4538,64.13916778564453,820.6917724609375,762.6524047851562,1349.9581298828125
4547,39.524234771728516,297.2159118652344,673.8202514648438,746.7796020507812
4549,82.3837661743164,1049.1092529296875,271.9930725097656,1186.1141357421875
4557,47.76686096191406,919.869873046875,104.10584259033203,960.044189453125
4570,32.365638732910156,603.3596801757812,94.33009338378906,647.4879150390625
4582,102.41291046142578,352.70355224609375,912.6331176757812,979.8785400390625
4584,77.15211486816406,769.62548828125,647.3428955078125,1200.6270751953125
4608,56.23564529418945,287.4963684082031,690.2169189453125,742.57763671875
4629,35.92755126953125,516.2023315429688,355.1764221191406,761.7000732421875
4631,49.95558547973633,731.2789306640625,395.4070129394531,1000.2688598632812
4752,51.9671516418457,761.128662109375,140.5468292236328,824.5180053710938
4788,72.60165405273438,914.1564331054688,839.4495239257812,1484.7755126953125
4846,44.360206604003906,690.20458984375,404.79058837890625,959.16162109375
4878,33.23788070678711,705.0548095703125,624.870849609375,1170.3087158203125
4927,83.06582641601562,883.6266479492188,632.2721557617188,1298.4471435546875
4936,55.131126403808594,263.810546875,544.5724487304688,617.5908813476562
4972,43.422088623046875,539.2603149414062,821.8561401367188,1077.341552734375
4992,46.161739349365234,769.0282592773438,253.51470947265625,918.1802978515625
5009,34.24862289428711,266.6242980957031,813.1602783203125,810.799072265625
5014,54.71460723876953,310.69085693359375,412.80938720703125,577.5772705078125
5067,62.55031967163086,651.1260375976562,849.0287475585938,1228.4852294921875
5169,47.326229095458984,758.4229125976562,168.9033660888672,843.4639892578125
5205,52.30800247192383,696.3427734375,202.216064453125,805.3642578125
5286,41.583003997802734,700.8683471679688,110.7086181640625,754.5751342773438
5312,44.24893569946289,815.2694091796875,93.47163391113281,855.5107421875
5389,29.52776527404785,450.4816589355469,77.52381896972656,486.9857177734375
5444,224.57972717285156,82.22740173339844,932.7453002929688,735.8684692382812
5447,54.25476837158203,617.7501831054688,826.4110107421875,1204.538818359375
5466,29.461524963378906,475.00262451171875,176.89511108398438,594.133544921875
5471,109.57716369628906,1016.3165893554688,580.3173217773438,1390.513671875
5519,65.955078125,1205.0277099609375,493.11474609375,1545.114501953125
5602,32.715728759765625,504.2686462402344,866.4657592773438,1119.6947021484375
5604,37.54908752441406,337.056396484375,918.8956298828125,982.2669067382812
5611,70.5776138305664,798.4705200195312,645.4122314453125,1247.1759033203125
5647,59.18956756591797,644.0517578125,811.2662353515625,1202.0108642578125
5670,29.277084350585938,318.22320556640625,832.9649047851562,890.4722290039062
5676,71.30189514160156,920.8468627929688,217.26416015625,1034.12890625
5705,96.23574829101562,1508.9779052734375,550.2257080078125,1871.1732177734375
5709,50.22891616821289,308.7117004394531,923.03369140625,935.769775390625
5778,105.85106658935547,784.0263671875,682.1283569335938,1215.890869140625
5797,29.983049392700195,282.2935485839844,770.2025756835938,829.317138671875
5886,77.27913665771484,669.9756469726562,680.33203125,1115.1151123046875
5907,33.94533920288086,232.90005493164062,528.4019165039062,583.5946655273438
5920,73.68488311767578,694.337890625,405.8434143066406,935.5911865234375
6013,45.804718017578125,924.9837036132812,63.94646072387695,937.8756103515625
6090,54.64292907714844,511.3977355957031,459.82427978515625,814.4712524414062
6132,41.783447265625,633.5062866210938,289.5984802246094,821.5932006835938
6162,50.70280838012695,776.3817138671875,558.4649047851562,1179.849609375
6171,74.43905639648438,408.1448974609375,919.3016967773438,1008.9069213867188
6219,33.46007537841797,456.4760437011719,267.5990905761719,652.7929077148438
6308,42.30065155029297,441.952880859375,182.75439453125,542.875
6433,47.42601013183594,937.2061767578125,71.42671966552734,953.927978515625
6441,11.191186904907227,250.94557189941406,554.08154296875,654.162109375
6497,46.91791534423828,1189.5355224609375,524.0546264648438,1577.1353759765625
6606,51.20120620727539,245.77630615234375,677.6474609375,676.1019897460938
6646,19.11143684387207,520.440673828125,366.3538818359375,799.2459716796875
6665,45.4588623046875,849.2360229492188,80.95738983154297,876.7658081054688
6736,34.830257415771484,483.3920593261719,188.0406951904297,601.7675170898438
6933,36.5482177734375,716.8653564453125,931.5219116210938,1433.848388671875
7010,17.905614852905273,400.088623046875,419.96612548828125,723.207275390625
7090,72.02798461914062,796.2506713867188,398.55609130859375,1047.5196533203125
7243,135.40338134765625,570.4053955078125,867.9129028320312,1138.341064453125
7266,40.30937194824219,362.48370361328125,351.0888671875,588.992431640625
7290,63.12498092651367,547.1822509765625,643.7908935546875,975.6693115234375
7305,58.19558334350586,852.1298828125,476.83990478515625,1180.6221923828125
7394,48.61444091796875,967.2138671875,308.7780456542969,1188.17041015625
7439,128.91738891601562,231.20730590820312,868.208251953125,780.3851928710938
7458,45.899288177490234,723.956298828125,248.08787536621094,869.5121459960938
7478,42.458778381347656,552.6851196289062,360.6664123535156,793.04833984375
7481,24.01064682006836,519.0026245117188,79.47771453857422,565.5346069335938
7485,38.95137405395508,753.8082885742188,174.6491241455078,858.4076538085938
7535,41.52764129638672,309.31103515625,716.6038818359375,797.730712890625
7555,54.85778045654297,1031.21142578125,103.19282531738281,1065.7210693359375
7591,42.200801849365234,235.76156616210938,710.3155517578125,699.1719360351562
7617,51.137699127197266,780.4087524414062,205.51979064941406,903.1128540039062
7673,70.67117309570312,965.589111328125,373.120361328125,1192.785400390625
7707,61.48564529418945,1004.3305053710938,166.22813415527344,1079.448486328125
7720,43.48333740234375,788.1265258789062,113.2654800415039,842.6195068359375
7761,20.125215530395508,452.55279541015625,45.20564270019531,473.0125732421875
7815,58.35026931762695,139.32212829589844,567.9483032226562,496.7496032714844
7862,78.90483093261719,229.52609252929688,846.8015747070312,789.4066162109375
7876,60.03337478637695,277.21807861328125,575.060546875,660.8295288085938
7994,67.54332733154297,638.852294921875,981.7173461914062,1307.3447265625
8127,73.17054748535156,540.4266357421875,613.4578857421875,950.5315551757812
8180,22.417566299438477,754.9537353515625,813.6171264648438,1430.337158203125
8271,47.4629020690918,521.584228515625,488.2179870605469,859.4332275390625
8288,51.54568099975586,480.17388916015625,394.4127197265625,745.0316162109375
8296,56.53079605102539,543.9539794921875,704.6656494140625,1030.4976806640625
8316,47.108192443847656,777.726318359375,288.68817138671875,961.8472900390625
8324,65.10823822021484,636.6289672851562,816.5118408203125,1203.1583251953125
8374,47.770957946777344,625.856689453125,892.3280639648438,1251.140869140625
8376,78.70271301269531,638.103515625,786.1487426757812,1165.459716796875
8387,58.396812438964844,783.9285888671875,561.5540771484375,1143.1309814453125
8398,51.73625564575195,1020.7465209960938,62.05807113647461,1029.3779296875
8438,63.885162353515625,922.15283203125,334.1279296875,1127.3394775390625
8506,49.304203033447266,313.38543701171875,911.4329833984375,963.6634521484375
8520,32.82557678222656,669.8329467773438,383.5927429199219,955.760986328125
8569,59.74049758911133,421.7752990722656,765.1779174804688,929.806396484375
8585,65.19347381591797,604.158203125,780.2281494140625,1123.0362548828125
8636,89.27288818359375,745.8267211914062,664.7761840820312,1210.75146484375
8713,44.074012756347656,652.7057495117188,756.9864501953125,1188.45654296875
8723,42.18574905395508,656.7544555664062,641.18017578125,1133.5626220703125
8747,50.72932815551758,552.9849243164062,983.0833129882812,1195.4254150390625
8774,121.89117431640625,929.0316772460938,725.6911010742188,1345.255615234375
8836,56.20829772949219,815.740234375,547.7706298828125,1178.495849609375
8904,38.04914474487305,323.5287780761719,332.6830139160156,549.7284545898438
8924,89.4021224975586,699.3063354492188,433.0585021972656,946.4370727539062
8947,64.68843841552734,685.4720458984375,860.9375610351562,1266.2724609375
9014,46.39344787597656,913.16943359375,83.28775787353516,939.436279296875
9021,24.657930374145508,328.6241760253906,304.75653076171875,542.353759765625
9027,71.38906860351562,298.6321105957031,931.3782348632812,890.7958984375
9044,19.391721725463867,264.7444152832031,439.3006286621094,598.3189697265625
9122,50.948524475097656,396.5796203613281,605.7503662109375,799.7158813476562
9155,109.45759582519531,74.90945434570312,566.418212890625,446.13824462890625
9180,52.1452751159668,715.4603881835938,402.4322509765625,997.0531616210938
9199,55.07020568847656,805.2922973632812,325.24542236328125,1026.70068359375
9209,37.661529541015625,564.1488037109375,191.37750244140625,679.5626831054688
9211,41.199737548828125,189.8643798828125,597.1572265625,599.7672119140625
9292,25.736190795898438,463.7472229003906,196.49847412109375,595.3715209960938
9323,36.2967643737793,519.5147705078125,144.24783325195312,602.1168823242188
9333,41.09605407714844,1192.7381591796875,551.2160034179688,1612.445556640625
9395,110.24740600585938,1132.9010009765625,709.6224365234375,1597.4830322265625
9407,49.390785217285156,948.7744140625,110.61634063720703,992.0076904296875
9427,45.431705474853516,438.4784240722656,272.82806396484375,610.6090087890625
9454,51.195796966552734,262.2309875488281,541.1317138671875,625.32763671875
9467,73.95872497558594,715.2251586914062,302.60382080078125,882.95458984375
9481,44.14121627807617,264.80340576171875,715.072998046875,757.1388549804688
9523,47.15284729003906,854.2333374023438,80.76494598388672,880.18359375
9636,71.88648986816406,462.7787170410156,986.6198120117188,1100.3038330078125
9655,57.14682388305664,913.4534301757812,411.1349792480469,1204.715087890625
9663,42.8769645690918,593.9395751953125,391.5655212402344,851.1019287109375
9713,47.54066848754883,611.6011962890625,497.3256530761719,948.197021484375
9743,21.69988441467285,468.4690246582031,663.322265625,994.649658203125
9813,60.7277717590332,968.4508666992188,224.56350708007812,1091.6956787109375
9880,49.303382873535156,254.66522216796875,482.41461181640625,585.099609375
9890,103.6700439453125,972.89013671875,591.063232421875,1339.1767578125
9894,28.013896942138672,314.3088684082031,323.6937255859375,520.2340087890625
9922,116.82035827636719,596.1095581054688,811.826904296875,1105.6895751953125
10004,39.01205062866211,640.3955078125,204.43801879882812,775.7630615234375
10006,58.7097053527832,657.6633911132812,600.3489379882812,1044.14453125
10010,41.716026306152344,612.1193237304688,292.89874267578125,807.4381103515625
10058,51.37017822265625,893.5738525390625,91.50252532958984,924.3609008789062
10167,60.29010009765625,738.0399169921875,490.3718566894531,1077.9178466796875
10201,31.14435577392578,246.46278381347656,382.69573974609375,490.83306884765625
10255,47.494590759277344,1080.0965576171875,72.21231079101562,1099.6998291015625
10273,43.087806701660156,546.24072265625,312.1081237792969,753.0761108398438
10323,58.12530517578125,779.381103515625,223.5511474609375,903.4172973632812
10326,25.20277976989746,457.8301696777344,375.5151062011719,746.9111938476562
10358,62.833045959472656,503.44024658203125,504.5062561035156,836.2716064453125
10412,100.9148178100586,504.391845703125,1026.201416015625,1199.2967529296875
10417,69.04960632324219,587.1160888671875,720.8868408203125,1062.0216064453125
10477,43.676753997802734,721.996826171875,126.27241516113281,781.7247924804688
10521,59.912139892578125,832.0977783203125,312.0079040527344,1023.8612060546875
10544,32.651512145996094,538.6442260742188,123.72605895996094,608.433837890625
10598,44.58940505981445,501.89825439453125,555.4588623046875,876.9923706054688
10626,66.12885284423828,551.97216796875,633.2454223632812,947.2096557617188
10637,28.6539363861084,287.8733215332031,358.17340087890625,526.5634765625
10727,47.41934585571289,484.8733825683594,432.2193603515625,771.709228515625
10732,42.69289016723633,505.4793701171875,475.05633544921875,836.8359375
10766,22.57530403137207,199.45375061035156,529.5616455078125,591.1737670898438
10785,130.44711303710938,883.4387817382812,745.2363891601562,1334.5133056640625
10845,28.905736923217773,553.6429443359375,109.95380401611328,614.1278076171875
10867,38.6899528503418,688.1570434570312,203.94784545898438,816.6619873046875
10878,31.032329559326172,446.7864074707031,149.1724395751953,548.865234375
10896,31.729345321655273,379.685791015625,976.1434326171875,1068.3433837890625
10916,38.1435432434082,734.70458984375,222.67347717285156,878.7734375
11031,44.308414459228516,821.0845336914062,84.0630874633789,850.0831298828125
11036,57.405372619628906,765.8978271484375,427.2996826171875,1039.0697021484375
11109,43.979156494140625,592.1394653320312,845.9534301757812,1146.12744140625
11131,43.793758392333984,722.9185180664062,572.4847412109375,1132.6251220703125
11174,112.94194030761719,896.1725463867188,512.1339111328125,1190.817138671875
11184,72.88712310791016,486.4237060546875,348.9180603027344,694.6064453125
11212,27.738372802734375,478.0834655761719,50.40068054199219,494.1825256347656
11214,0.5075572729110718,139.51931762695312,948.59130859375,823.587646484375
11258,28.503393173217773,577.2379760742188,38.21273422241211,584.8223876953125
11372,36.013450622558594,450.3972473144531,388.3526916503906,705.79345703125
11383,59.02574920654297,285.8547058105469,879.0672607421875,881.3956298828125
11687,53.14710235595703,702.48876953125,478.1708679199219,1034.8084716796875
11703,19.276464462280273,308.9055480957031,267.4443664550781,506.2355651855469
11796,95.95720672607422,1105.77197265625,816.9216918945312,1657.864990234375
11805,36.762901306152344,522.140625,567.1103515625,919.19775390625
11891,54.033939361572266,737.1338500976562,386.5738830566406,1016.3208618164062
11910,74.97334289550781,756.0440063476562,317.58416748046875,935.1353149414062
11921,42.41940689086914,623.1248779296875,319.46685791015625,832.9756469726562
11938,30.766977310180664,603.6626586914062,74.20352172851562,633.64697265625
11979,128.32305908203125,923.869384765625,593.4016723632812,1264.06103515625
12016,35.1701545715332,710.2565307617188,49.14181900024414,721.6801147460938
12215,58.3467903137207,976.6580200195312,151.96299743652344,1043.2320556640625
12233,24.89508819580078,421.02801513671875,283.7204895019531,624.7114868164062
12338,51.15443801879883,761.2196044921875,155.21481323242188,836.5187377929688
12371,71.6274642944336,981.074462890625,669.2293701171875,1416.785400390625
12433,31.47382926940918,571.3858032226562,154.76080322265625,666.8974609375
12466,38.2202033996582,467.4947204589844,185.29241943359375,582.4329223632812
12488,16.03400230407715,308.2070617675781,591.9964599609375,768.9588623046875
12515,48.70964431762695,395.2219543457031,510.77630615234375,739.480224609375
12543,34.42745590209961,639.9146118164062,85.554443359375,679.225341796875
12564,60.75938034057617,554.2321166992188,929.7855224609375,1202.2742919921875
12582,117.0928726196289,715.1595458984375,874.241455078125,1271.74658203125
12667,57.03645706176758,491.1791076660156,594.1012573242188,903.13671875
12669,61.51234436035156,741.171142578125,236.7390899658203,880.0604248046875
12677,60.713130950927734,824.8285522460938,475.7453918457031,1150.2630615234375
12695,96.38603210449219,272.8791198730469,845.6964721679688,822.1007690429688
12701,51.2827262878418,841.2905883789062,487.6319274902344,1186.8656005859375
12780,54.6891975402832,955.531494140625,277.2226257324219,1121.67041015625
12788,43.95331954956055,578.4752807617188,414.0943603515625,853.1798706054688
12796,50.60371780395508,643.6126098632812,900.5794067382812,1299.9541015625
12831,75.74722290039062,1043.5362548828125,334.0898132324219,1222.0667724609375
12908,98.36197662353516,538.739013671875,959.4459228515625,1171.34814453125
12975,90.74397277832031,895.4652709960938,540.7108154296875,1213.805419921875
13007,44.99174880981445,861.2314453125,105.09374237060547,905.5961303710938
13017,27.883676528930664,651.0086669921875,677.4546508789062,1158.2672119140625
13110,44.76835632324219,446.06402587890625,630.7138061523438,873.5916748046875
13134,62.691505432128906,837.5905151367188,290.6121520996094,1008.3839721679688
13145,72.13893127441406,699.0787353515625,309.2080383300781,875.01708984375
13194,36.240543365478516,639.7034301757812,117.12285614013672,700.9935913085938
13209,37.766876220703125,768.96875,167.10369873046875,880.2017211914062
13260,67.90950012207031,742.5171508789062,509.7274169921875,1087.171630859375
13293,48.53200149536133,385.4219970703125,863.0863037109375,1003.5364990234375
13336,34.454837799072266,217.8485107421875,490.7085266113281,539.3969116210938
13353,71.96174621582031,263.1772766113281,947.3931884765625,903.1624755859375
13386,49.233489990234375,540.6285400390625,628.7838745117188,961.02978515625
13438,70.23170471191406,1017.0482177734375,558.039794921875,1406.5426025390625
13502,55.697452545166016,456.9798583984375,907.253173828125,1069.5487060546875
13504,62.01840591430664,769.6734619140625,692.2382202148438,1252.444091796875
13526,38.967041015625,391.1216125488281,521.1537475585938,724.3056640625
13623,32.39641189575195,610.6112060546875,79.00679016113281,643.9085083007812
13675,124.25115966796875,842.0211181640625,773.803466796875,1344.1402587890625
13695,58.39881896972656,863.2467041015625,310.14794921875,1042.86572265625
13738,41.24167251586914,353.13092041015625,516.405029296875,694.09716796875
13778,67.35671997070312,1037.1788330078125,327.2091369628906,1231.9022216796875
13832,44.83665084838867,357.5791015625,390.26080322265625,621.9384765625
13844,134.2400665283203,972.7088012695312,888.7998657226562,1510.3709716796875
13855,57.75192642211914,1117.9051513671875,66.03113555908203,1126.2554931640625
13862,56.57320022583008,1032.012451171875,146.17430114746094,1096.830810546875
13871,192.4960479736328,684.4035034179688,974.5740966796875,1276.2506103515625
13899,87.14078521728516,843.8746337890625,346.5788269042969,1034.6414794921875
13954,38.73751449584961,386.0647888183594,863.6146240234375,989.945068359375
13967,64.40983581542969,1002.3480224609375,374.18243408203125,1233.9124755859375
13983,36.65476608276367,693.2018432617188,60.31833267211914,710.742431640625
14020,61.087921142578125,972.7233276367188,207.1103057861328,1082.5439453125
14045,49.47053146362305,1001.6229858398438,92.73629760742188,1036.069580078125
14056,126.38341522216797,614.1827392578125,819.1416015625,1127.4698486328125
14067,10.354403495788574,123.9873046875,854.0750732421875,732.907958984375
14100,79.29093170166016,787.0225219726562,846.60595703125,1358.7022705078125
14182,72.08003234863281,744.9247436523438,986.9491577148438,1418.47998046875
14203,55.866146087646484,1107.2711181640625,81.91475677490234,1124.3824462890625
14215,60.950626373291016,950.111083984375,189.6292266845703,1046.6866455078125
14350,33.89442825317383,508.2427673339844,295.1671447753906,723.8184814453125
14408,42.47639083862305,1079.3028564453125,693.1129150390625,1622.8017578125
14480,23.303640365600586,469.41033935546875,709.2740478515625,988.4813842773438
14574,55.00571823120117,1186.500244140625,419.2982482910156,1483.8902587890625
14575,49.02603530883789,843.4287719726562,137.7718048095703,908.658935546875
14676,119.2958984375,541.9243774414062,622.2374877929688,910.8106689453125
14681,53.549346923828125,971.323486328125,234.51312255859375,1107.5594482421875
14685,40.39030838012695,828.7982177734375,74.31407165527344,853.5780029296875
14941,22.281780242919922,311.1287536621094,148.68641662597656,406.58087158203125
15026,71.3325424194336,743.2766723632812,1024.09765625,1430.9798583984375
15092,54.32133102416992,292.07635498046875,371.5217590332031,528.5809936523438
15096,41.28276443481445,840.2311401367188,95.52018737792969,878.7730102539062
15139,40.263797760009766,523.6304321289062,497.4121398925781,878.107421875
15150,58.57275390625,405.83685302734375,526.7653198242188,730.3068237304688
15247,131.34242248535156,112.13302612304688,755.7323608398438,652.1185913085938
15331,88.04159545898438,635.6123657226562,551.5206909179688,970.814453125
15352,45.37760925292969,751.353271484375,952.5239868164062,1430.6461181640625
15374,41.487159729003906,763.8216552734375,224.87025451660156,911.6317138671875
15421,50.77584457397461,309.64288330078125,742.91064453125,806.857177734375
15471,87.1500473022461,341.4255065917969,533.0009765625,674.811279296875
15490,77.72401428222656,635.4841918945312,922.775390625,1246.8272705078125
15600,31.647817611694336,536.5087890625,161.19500732421875,631.166748046875
15635,61.33148193359375,871.168212890625,533.131103515625,1216.501708984375
15657,51.86259078979492,248.37322998046875,638.8756713867188,667.5619506835938
15705,43.486080169677734,254.93031311035156,599.3985595703125,640.6776733398438
15722,22.45869255065918,326.6300048828125,182.4087677001953,443.5946044921875
15763,74.04605865478516,345.7393493652344,740.3931274414062,804.0233154296875
15792,56.752559661865234,536.3079833984375,589.92138671875,936.8086547851562
15826,95.73294067382812,179.85549926757812,887.0933227539062,754.2927856445312
15840,62.79683303833008,586.9713134765625,684.3767700195312,1014.9625244140625
15842,36.59383773803711,217.5948028564453,767.3646850585938,738.6372680664062
15887,72.56502532958984,566.5350341796875,739.5166015625,1059.39990234375
15913,20.528076171875,651.9210205078125,531.5310668945312,1076.38671875
15953,69.35681915283203,759.2180786132812,825.4199829101562,1312.9119873046875
15960,27.344200134277344,463.9283142089844,158.59722900390625,559.492919921875
15980,33.833927154541016,567.9431762695312,655.1690063476562,1066.890869140625
16044,52.114749908447266,656.4935302734375,637.118408203125,1096.285888671875
16045,27.73194694519043,130.24810791015625,625.7926635742188,571.2330322265625
16066,51.090084075927734,735.1434326171875,432.058837890625,1015.814697265625
16073,60.11774444580078,540.96484375,640.0665893554688,951.7601928710938
16118,46.83143615722656,781.573486328125,199.60377502441406,906.1030883789062
16228,30.488351821899414,372.7843322753906,340.9626770019531,602.1673583984375
16236,49.37082290649414,936.000244140625,326.2785949707031,1161.2591552734375
16237,43.78960037231445,464.7361145019531,403.7265930175781,732.8898315429688
16238,112.99475860595703,481.9139099121094,897.9717407226562,1062.6309814453125
16332,48.9163703918457,643.7395629882812,368.4751281738281,870.2423706054688
16356,21.603425979614258,453.3898010253906,573.5206909179688,868.427490234375
16456,97.06188201904297,425.7306213378906,720.6356201171875,843.64404296875
16468,85.56802368164062,831.6790161132812,544.5330200195312,1189.5255126953125
16515,84.36640930175781,195.4604034423828,865.5220947265625,772.7306518554688
16538,52.162025451660156,1035.7734375,74.4621810913086,1051.87109375
16681,38.80400085449219,572.1298217773438,127.86377716064453,637.1141357421875
16809,66.70665740966797,1002.621337890625,511.5735168457031,1332.44677734375
16818,28.156953811645508,507.5583190917969,106.10308837890625,563.3906860351562
16845,64.53648376464844,640.907958984375,915.001953125,1263.54443359375
16852,37.35177993774414,702.4847412109375,101.54672241210938,747.791259765625
16891,89.71588897705078,915.2315063476562,435.0714416503906,1169.674560546875
16944,41.63243103027344,772.2105102539062,647.3015747070312,1252.8497314453125
17007,50.45180130004883,440.7481689453125,607.5431518554688,862.876953125
17132,40.91983413696289,890.8856201171875,185.9249267578125,1015.5743408203125
17177,37.43600845336914,712.311279296875,106.61058044433594,761.6795043945312
17180,45.286842346191406,676.9547119140625,143.9063720703125,754.0592651367188
17190,57.91215896606445,943.14306640625,237.6952667236328,1078.421630859375
17191,81.87040710449219,1035.6644287109375,355.1205749511719,1239.0985107421875
17194,9.412003517150879,109.30445098876953,685.675048828125,630.7801513671875
17208,80.23667907714844,933.2548828125,361.0488586425781,1137.1075439453125
17216,45.739139556884766,756.3834838867188,413.6326599121094,1048.353271484375
17222,48.0467529296875,648.2904663085938,384.569091796875,892.6350708007812
17240,26.690004348754883,433.3014831542969,206.59471130371094,571.3584594726562
17285,49.56829071044922,871.2537231445312,382.9600524902344,1116.13427734375
17324,54.888912200927734,749.2546997070312,327.6630554199219,944.23193359375
17366,66.05036926269531,946.8502807617188,215.10345458984375,1067.0521240234375
17403,69.1792984008789,209.674072265625,782.1716918945312,700.132568359375
17415,84.00367736816406,676.987060546875,674.247314453125,1137.3914794921875
17419,45.47738265991211,737.1568603515625,202.28387451171875,853.0764770507812
17449,37.181453704833984,898.82958984375,266.8163146972656,1101.9373779296875
17580,44.40898132324219,448.953125,923.7315063476562,1090.6097412109375
17591,44.30043029785156,596.1805419921875,210.91635131835938,721.0403442382812
17604,46.396732330322266,468.2322692871094,368.1278076171875,713.9117431640625
17622,44.28246307373047,181.6724853515625,571.1048583984375,539.1305541992188
17653,30.160432815551758,588.9894409179688,71.52081298828125,617.6636352539062
17736,68.7386474609375,443.2797546386719,755.5679321289062,936.5087890625
17775,77.293701171875,524.7384033203125,870.1005859375,1101.3115234375
17852,50.60711669921875,943.3182373046875,348.869140625,1173.557373046875
17919,55.731605529785156,628.4747924804688,531.8250732421875,992.5214233398438
17925,78.42682647705078,596.8482666015625,879.3466796875,1166.1756591796875
17990,39.10073471069336,755.0502319335938,566.5764770507812,1173.4434814453125
17997,80.35237121582031,886.4124145507812,851.4038696289062,1443.5374755859375
18064,55.448814392089844,422.87896728515625,945.654052734375,1067.3948974609375
18093,25.646154403686523,475.5485534667969,744.5629272460938,1020.7959594726562
18096,74.67019653320312,539.3560791015625,740.49951171875,1037.386474609375
18120,52.59379959106445,945.44287109375,201.8129119873047,1054.1153564453125
18159,71.10570526123047,856.0996704101562,327.5201110839844,1055.2752685546875
18167,32.91663360595703,492.08526611328125,170.79212951660156,598.1806030273438
18168,95.34747314453125,681.18505859375,582.7872924804688,1056.404296875
18232,41.53816223144531,485.6650085449219,211.41575622558594,601.6875610351562
18269,36.88651657104492,508.0299987792969,337.07000732421875,723.2733154296875
18281,85.59161376953125,794.3993530273438,456.5133361816406,1063.50244140625
18346,80.9081802368164,722.5333251953125,690.16650390625,1151.41796875
18371,58.57230758666992,918.8533935546875,312.7949523925781,1114.7950439453125
18374,52.81218338012695,557.9580688476562,402.3620910644531,829.7739868164062
18453,28.420574188232422,292.9210510253906,523.46630859375,651.5530395507812
18490,31.64080047607422,496.3653869628906,348.7333068847656,752.1707763671875
18493,28.327077865600586,424.61456298828125,387.91986083984375,697.4075927734375
18546,42.99995803833008,782.7540283203125,87.50871276855469,814.2012939453125
18712,42.104026794433594,592.2681884765625,302.32318115234375,785.1553344726562
18713,81.04853820800781,166.18707275390625,706.7347412109375,624.7637939453125
18729,71.56307220458984,906.6646728515625,291.9314270019531,1064.53857421875
18750,32.040260314941406,191.01414489746094,614.4120483398438,616.1007080078125
18756,57.35728454589844,721.3419799804688,688.7420043945312,1167.5279541015625
18784,53.473487854003906,487.70098876953125,661.7450561523438,938.6107788085938
18796,30.253297805786133,475.7099914550781,279.8505554199219,669.8450927734375
18830,23.41033363342285,545.3148193359375,530.3872680664062,928.7567749023438
18864,73.28047180175781,427.0171203613281,530.9512329101562,772.0447998046875
18994,33.21241760253906,270.84423828125,347.0777282714844,502.49688720703125
19022,69.3101577758789,1044.4127197265625,378.9898986816406,1294.2030029296875
19043,51.98660659790039,610.9151611328125,383.1281433105469,846.3508911132812
19080,56.22628402709961,764.6622924804688,821.3687133789062,1332.921142578125
19082,35.493736267089844,963.214599609375,529.67529296875,1355.268798828125
19125,37.7642707824707,421.6533203125,186.8692169189453,536.9503784179688
19179,32.866119384765625,485.5319519042969,203.4801788330078,606.6190185546875
19187,19.814069747924805,317.09613037109375,227.9022674560547,473.2637634277344
19200,43.62165069580078,447.79278564453125,419.49798583984375,725.216796875
19229,31.704505920410156,764.4297485351562,468.0988464355469,1127.822509765625
19237,38.22832107543945,731.90234375,659.7343139648438,1228.1802978515625
19239,62.7489013671875,477.11846923828125,983.6470336914062,1147.229248046875
19261,46.35011672973633,606.787353515625,136.12998962402344,670.0856323242188
19262,41.861270904541016,697.8480224609375,135.28196716308594,764.596923828125
19388,50.314823150634766,971.3556518554688,86.94427490234375,999.147216796875
19394,29.164926528930664,374.4718933105469,302.4825744628906,575.3788452148438
19471,50.40030288696289,284.5411071777344,820.345703125,846.6950073242188
19545,51.33015823364258,397.4371032714844,616.0812377929688,800.3977661132812
19558,109.48767852783203,685.460693359375,1086.919189453125,1387.0091552734375
19633,53.39116668701172,796.6202392578125,306.1877746582031,994.9564208984375
19666,36.65226745605469,67.04814147949219,862.6624145507812,680.7898559570312
19745,42.398929595947266,330.4993591308594,383.4032287597656,569.2899780273438
19771,56.18708038330078,747.17041015625,535.8223876953125,1113.884033203125
19799,81.91326904296875,1298.2581787109375,318.305908203125,1486.1417236328125
19834,81.69767761230469,408.8664855957031,559.8350830078125,760.548828125
19846,45.96004867553711,381.44342041015625,679.2230224609375,813.720703125
19861,49.27589797973633,1046.669189453125,257.2884521484375,1209.38037109375
19871,59.37886428833008,588.9981079101562,616.7265625,1006.6903076171875
19926,58.56290054321289,847.4635009765625,530.3759765625,1198.7701416015625
19947,149.3787841796875,909.3516845703125,932.9485473632812,1460.18408203125
19959,151.3471221923828,510.1487121582031,1057.4774169921875,1194.7720947265625
19962,115.8897705078125,715.5586547851562,922.82373046875,1304.3175048828125
19963,62.76063919067383,469.0070495605469,526.637451171875,824.7090454101562
19964,55.10639190673828,1007.873046875,190.0555877685547,1107.173095703125
20028,56.2437629699707,343.4602966308594,532.688232421875,684.4486694335938
20098,53.47702407836914,723.5343627929688,352.8611145019531,958.2459716796875
20243,35.988746643066406,267.8717346191406,489.9088134765625,603.4972534179688
20259,81.08322143554688,1007.817626953125,687.49853515625,1454.092041015625
20270,50.203617095947266,457.6142272949219,435.4001159667969,750.2863159179688
20275,82.39483642578125,535.2092895507812,957.2415771484375,1168.99609375
20303,29.489500045776367,152.64651489257812,764.0233154296875,728.160400390625
20305,39.994815826416016,645.3580322265625,132.24073791503906,710.8946533203125
20309,65.53543090820312,562.3017578125,337.081787109375,773.0118408203125
20311,128.10861206054688,1100.6148681640625,787.1633911132812,1610.80908203125
20372,41.77602767944336,686.9171142578125,584.0604248046875,1086.213623046875
20379,92.88111877441406,290.9000549316406,642.0465087890625,684.0015869140625
20383,103.14151000976562,422.1160888671875,826.2896118164062,945.6956176757812
20427,103.73973083496094,710.1168823242188,865.9824829101562,1268.544189453125
20438,82.76934814453125,566.534912109375,853.924560546875,1127.153564453125
20476,51.492366790771484,461.5020751953125,881.8004150390625,1070.9603271484375
20483,50.93894958496094,401.1358337402344,643.0313110351562,817.1517944335938
20486,83.73300170898438,639.1800537109375,569.6427612304688,1020.123291015625
20558,103.09754180908203,1053.0545654296875,372.10809326171875,1248.8013916015625
20671,40.76607894897461,723.892578125,140.97842407226562,800.8047485351562
20710,73.14864349365234,563.9609985351562,788.5675048828125,1079.2213134765625
20735,50.699337005615234,520.8363647460938,415.161376953125,800.5007934570312
20754,26.497127532958984,293.1310729980469,299.5747375488281,495.6410217285156
20768,40.9807014465332,441.7054748535156,414.7984313964844,728.9829711914062
20834,104.26164245605469,240.02967834472656,874.4708251953125,799.2645263671875
20852,43.90578079223633,654.1400146484375,736.8895263671875,1171.7850341796875
20859,75.36006927490234,433.70050048828125,831.4019775390625,976.8678588867188
20917,34.469749450683594,365.000244140625,232.9331512451172,515.9678955078125
20930,51.89109802246094,642.8388061523438,389.0291442871094,913.1527709960938
20968,90.56241607666016,538.930908203125,698.0223999023438,982.5154418945312
21040,61.58041000366211,692.2001342773438,581.7904052734375,1084.3765869140625
21053,31.306190490722656,487.3453369140625,133.52178955078125,568.563232421875
21067,80.123291015625,421.9643859863281,881.7185668945312,1024.618896484375
21080,91.5207748413086,450.9365539550781,818.2369384765625,990.6282348632812
21098,30.342639923095703,600.3661499023438,930.9574584960938,1265.40087890625
21223,42.640594482421875,597.2471313476562,315.450439453125,807.549560546875
21231,30.48234748840332,690.9712524414062,459.69696044921875,1035.722412109375
21296,55.587791442871094,782.6797485351562,490.8841247558594,1099.7374267578125
21299,32.560550689697266,107.10249328613281,863.8151245117188,687.2578735351562
21356,42.62861251831055,217.1439208984375,1005.6907348632812,939.2189331054688
21390,51.450157165527344,856.113525390625,235.23782348632812,999.8219604492188
21424,34.32355880737305,570.8280029296875,63.99660110473633,592.9786376953125
21486,46.64210891723633,722.7473754882812,155.7737274169922,802.2802124023438
21553,74.33731079101562,106.6196060180664,726.7203979492188,634.5526733398438
21563,64.98871612548828,531.7393798828125,497.49951171875,845.4031372070312
21578,60.62356185913086,569.16064453125,855.7450561523438,1124.3037109375
21605,101.81336975097656,821.6665649414062,550.9085693359375,1181.2132568359375
21655,61.44987487792969,873.4693603515625,521.2025756835938,1250.5330810546875
21656,58.58909225463867,770.499755859375,439.18548583984375,1049.52294921875
21659,58.08378982543945,836.8514404296875,726.3088989257812,1343.615966796875
21732,61.1014289855957,792.7706298828125,623.9501953125,1197.2552490234375
21781,53.81734848022461,887.2997436523438,548.1436767578125,1314.189208984375
21793,49.1500129699707,633.7640380859375,806.8214111328125,1224.583740234375
21822,70.2318115234375,452.640869140625,902.2435302734375,1067.6290283203125
21836,68.74787139892578,343.9510803222656,620.5218505859375,726.5010375976562
21839,46.40010452270508,388.038330078125,279.36981201171875,563.8087158203125
21997,62.061954498291016,856.8524169921875,407.07550048828125,1130.0479736328125
22052,45.052772521972656,567.8872680664062,762.59716796875,1142.53125
22125,51.16764831542969,818.9332275390625,427.33740234375,1120.1258544921875
22164,22.222436904907227,356.6062927246094,137.62791442871094,441.05194091796875
22165,32.781654357910156,400.783203125,366.8946838378906,647.3668212890625
22254,59.27951431274414,1337.8577880859375,78.54349517822266,1358.5030517578125
22326,53.053096771240234,445.7088928222656,407.6036682128906,702.0411376953125
22330,43.208614349365234,830.5117797851562,60.48648452758789,843.7938232421875
22331,62.453189849853516,785.5719604492188,297.1524658203125,956.656005859375
22391,46.43156433105469,494.69415283203125,339.2787170410156,706.6514282226562
22393,29.545608520507812,508.3785095214844,491.39227294921875,856.9105834960938
22408,119.10201263427734,314.7097473144531,855.2477416992188,910.878173828125
22413,110.92900848388672,835.8859252929688,735.842529296875,1267.2548828125
22454,96.51371765136719,826.787109375,382.1754150390625,1040.7830810546875
22475,37.25048828125,652.9663696289062,172.41815185546875,758.9078369140625
22476,136.0972442626953,788.6653442382812,773.0732421875,1289.3828125
22483,33.39092254638672,767.9356689453125,43.07696533203125,773.5906372070312
22537,135.861083984375,654.4459228515625,909.7940063476562,1226.631103515625
22538,60.02426528930664,318.4389343261719,624.6730346679688,722.8656005859375
22604,154.14862060546875,897.7904052734375,725.4132080078125,1311.0374755859375
22610,31.275875091552734,483.81512451171875,72.45612335205078,512.0994262695312
22626,20.11395263671875,503.3547058105469,286.9533996582031,723.9411010742188
22723,43.312538146972656,431.8346862792969,376.9432373046875,665.419921875
22880,35.2801399230957,728.453857421875,71.51576232910156,753.447021484375
22891,70.64122009277344,1045.0308837890625,278.7460632324219,1220.400146484375
22892,77.52629089355469,640.1026000976562,504.8736877441406,960.276123046875
22992,60.47660827636719,942.5054931640625,592.8822021484375,1336.5906982421875
22998,78.32784271240234,566.193115234375,478.8420104980469,863.968505859375
23024,40.32096862792969,543.88525390625,387.3609313964844,801.0712890625
23031,64.19966125488281,236.1327667236328,382.21844482421875,464.0099792480469
23060,31.551071166992188,463.9239501953125,251.71778869628906,625.000732421875
23092,51.95542907714844,833.5375366210938,148.56256103515625,906.3671875
23104,76.04237365722656,1142.4212646484375,137.139892578125,1186.2808837890625
23115,68.68473052978516,390.1459045410156,505.171142578125,708.1725463867188
23135,42.32827377319336,436.83087158203125,400.1883239746094,711.9364624023438
23173,105.80331420898438,464.44427490234375,679.5982666015625,885.3328857421875
23181,66.00464630126953,861.5994262695312,333.7864990234375,1054.6248779296875
23259,62.11870574951172,742.703857421875,718.309814453125,1221.2486572265625
23261,81.63272094726562,969.5405883789062,313.739990234375,1155.54736328125
23267,52.729576110839844,825.568603515625,360.5209655761719,1053.0814208984375
23294,65.05013275146484,350.446533203125,726.3399047851562,796.6729736328125
23334,60.91814422607422,650.8414916992188,794.6162109375,1178.7010498046875
23342,25.986841201782227,507.2055969238281,49.598365783691406,524.4655151367188
23371,28.269990921020508,467.56304931640625,120.953857421875,534.5718383789062
23372,30.37428855895996,531.2766723632812,60.68464279174805,553.2913818359375
23416,41.06540298461914,754.9564819335938,65.94677734375,773.0681762695312
23435,34.189388275146484,560.124267578125,161.085205078125,652.8049926757812
23464,60.90494155883789,451.4573059082031,1053.7320556640625,1165.009033203125
23489,36.13251495361328,185.64027404785156,913.5830078125,759.8569946289062
23511,86.07537078857422,1128.7894287109375,871.03173828125,1704.5032958984375
23546,54.46284484863281,734.3767700195312,340.14739990234375,939.73388671875
23561,41.206077575683594,783.7314453125,101.30327606201172,825.9149169921875
23609,43.096412658691406,591.0734252929688,290.8556213378906,771.5890502929688
23680,38.38957977294922,823.4765625,115.38664245605469,879.753662109375
23685,74.65467071533203,550.6085205078125,754.8648681640625,1046.1986083984375
23728,42.708534240722656,622.4282836914062,300.66180419921875,818.8934326171875
23820,62.54045486450195,1217.59814453125,335.92144775390625,1429.5638427734375
23835,63.44120788574219,913.0363159179688,203.16397094726562,1013.8790893554688
23858,101.2288818359375,1146.511474609375,587.3980102539062,1520.1571044921875
23861,30.48894500732422,364.9429931640625,145.4770965576172,449.8387756347656
23883,41.21506118774414,397.66595458984375,810.96044921875,908.57421875
23916,14.839071273803711,314.05279541015625,492.12738037109375,670.1387329101562
23961,72.177001953125,692.9309692382812,1053.7965087890625,1410.1220703125
23986,18.483915328979492,192.23382568359375,653.1356201171875,660.591064453125
24053,62.3060302734375,809.937255859375,635.6759033203125,1208.91064453125
24077,146.2388153076172,808.85986328125,904.73291015625,1347.04345703125
24142,99.1387710571289,623.849365234375,979.7637329101562,1228.1783447265625
24164,48.996788024902344,542.2720947265625,419.5228271484375,808.4208374023438
24291,35.7795524597168,386.0643310546875,199.6459503173828,511.8530578613281
24307,2.6396663188934326,334.6846618652344,350.3677978515625,632.3543090820312
24380,95.16132354736328,861.45263671875,873.4417724609375,1447.4791259765625
24381,32.642459869384766,315.3507385253906,513.530029296875,657.79443359375
24422,16.503747940063477,404.61920166015625,329.1612548828125,664.0357666015625
24450,25.43904685974121,444.9075012207031,60.149959564208984,470.72711181640625
24527,82.35746002197266,664.32177734375,807.5067138671875,1222.3638916015625
24544,43.089508056640625,723.90625,583.4280395507812,1143.7655029296875
24558,33.023109436035156,618.186279296875,86.22650909423828,661.0750732421875
24662,61.997772216796875,1515.3302001953125,95.75520324707031,1543.7276611328125
24752,91.85223388671875,1095.03369140625,679.1010131835938,1557.919921875
24763,41.25777053833008,879.7794189453125,73.15263366699219,900.7186889648438
24950,40.77566909790039,445.5505065917969,394.4942321777344,718.7264404296875
24976,45.59425354003906,480.8281555175781,610.697509765625,897.9569091796875
25014,29.066877365112305,509.2194519042969,166.52410888671875,619.3877563476562
25065,59.2884407043457,560.3934936523438,725.6389770507812,1066.9930419921875
25072,42.967281341552734,393.6947326660156,735.9287109375,896.0985717773438
25080,54.9574089050293,469.0819091796875,876.2845458984375,1069.1572265625
25094,62.141868591308594,624.1427001953125,348.08465576171875,838.8023681640625
25105,76.77696228027344,288.0289306640625,769.5665283203125,802.4059448242188
25112,72.96224975585938,634.441650390625,728.378662109375,1154.958740234375
25135,57.615699768066406,1237.5750732421875,56.506431579589844,1242.9598388671875
25142,61.00546646118164,1473.2891845703125,60.70524215698242,1479.60546875
25162,80.798095703125,649.3085327148438,838.1224975585938,1209.981689453125
25324,52.11952590942383,1034.268798828125,123.18696594238281,1085.859619140625
25399,68.89080047607422,164.71409606933594,845.9422607421875,703.8069458007812
25401,61.798362731933594,490.3640441894531,673.7766723632812,934.6111450195312
25489,27.078222274780273,540.2036743164062,424.6356201171875,855.4525756835938
25530,57.175113677978516,116.65630340576172,816.1072998046875,687.0260009765625
25583,48.29609298706055,626.2039794921875,494.4459228515625,950.4776611328125
25815,75.81624603271484,486.2293701171875,880.8128051757812,1073.8223876953125
25880,61.49208450317383,883.9991455078125,383.50921630859375,1154.5377197265625
25962,25.401424407958984,388.7943420410156,390.1559753417969,666.4974365234375
25963,90.62820434570312,1039.2745361328125,298.2227783203125,1194.4163818359375
25975,68.2407455444336,760.885498046875,527.7240600585938,1111.24169921875
25988,45.54287338256836,856.873779296875,124.63988494873047,913.19189453125
26006,43.14448165893555,812.0872192382812,269.8700866699219,979.3253784179688
26046,33.77772903442383,312.1749572753906,246.3492889404297,476.54296875
26191,29.42680549621582,283.61773681640625,339.707763671875,522.1688842773438
26233,50.996620178222656,673.8975830078125,406.6097412109375,950.5689086914062
26263,14.037708282470703,183.4595184326172,631.9930419921875,625.0908203125
26272,37.56563949584961,414.6253356933594,590.967041015625,827.0107421875
26303,9.84969425201416,296.56524658203125,771.6775512695312,898.3619384765625
26374,77.6222152709961,484.7810363769531,626.40869140625,893.4849243164062
26391,51.958351135253906,562.3181762695312,441.01641845703125,867.595458984375
26393,76.26607513427734,439.1458435058594,484.2229919433594,746.6500244140625
26395,75.20718383789062,852.270263671875,414.1905822753906,1114.519775390625
26428,49.0335578918457,845.7644653320312,201.81719970703125,966.9317626953125
26489,30.023435592651367,572.849853515625,121.96833801269531,640.48828125
26492,45.12152099609375,731.8818359375,335.4891662597656,960.044189453125
26565,90.59458923339844,800.3505249023438,928.0811157226562,1413.970458984375
26628,29.954214096069336,609.140869140625,41.41477584838867,617.4360961914062
26654,31.08708381652832,566.231689453125,107.78472900390625,623.5888061523438
26659,44.06953811645508,579.8580322265625,440.8403625488281,870.15185546875
26760,106.82549285888672,423.3260192871094,880.5658569335938,1012.1947631835938
26839,24.068222045898438,527.09375,467.17974853515625,886.9378051757812
26853,1.0617083311080933,280.7373962402344,765.818115234375,890.12353515625
26858,74.89627838134766,111.9371566772461,841.7900390625,652.2081909179688
26881,38.690616607666016,684.8422241210938,289.0057678222656,866.90087890625
26888,44.97551727294922,321.7043762207031,645.8515014648438,773.7630004882812
26930,24.399980545043945,465.7803039550781,364.56243896484375,719.6969604492188
26931,30.927576065063477,333.1853942871094,402.0401306152344,603.62646484375
26967,59.47769546508789,747.9373779296875,545.6442260742188,1107.5333251953125
26973,73.74608612060547,1005.348388671875,608.731689453125,1438.614013671875
27005,65.568603515625,980.424072265625,421.0758972167969,1236.597900390625
27107,43.224891662597656,556.6600952148438,543.7760009765625,929.9402465820312
27116,39.46831512451172,583.551513671875,656.7186889648438,1095.7840576171875
27121,33.62277603149414,297.7890625,779.2573852539062,830.3787841796875
27152,54.8067626953125,722.6978149414062,547.5691528320312,1083.5943603515625
27233,69.439208984375,715.49560546875,602.4631958007812,1150.8533935546875
27245,16.853822708129883,406.00787353515625,399.1678466796875,731.8125
27312,43.96604919433594,376.8554382324219,228.44168090820312,517.62890625
27341,54.980228424072266,1014.5938110351562,176.40577697753906,1100.5343017578125
27396,37.22663879394531,786.59228515625,926.1812133789062,1450.869384765625
27398,47.0797004699707,392.49322509765625,765.4019775390625,924.5936279296875
27420,65.19539642333984,182.81814575195312,630.3551635742188,596.3062133789062
27546,46.1549186706543,795.9288330078125,175.13536071777344,893.0454711914062
27559,56.0940055847168,767.8027954101562,407.03656005859375,1021.8612060546875
27571,66.01541137695312,774.1376953125,451.9790344238281,1055.561279296875
27587,35.80564498901367,412.1163330078125,584.8565673828125,804.5889282226562
27601,34.800968170166016,518.0211181640625,979.6497802734375,1255.162109375
27603,46.4433708190918,636.7335205078125,332.95855712890625,863.2005004882812
27634,48.21718215942383,689.921142578125,898.2056274414062,1283.917236328125
27645,44.30143737792969,388.1025390625,735.2449951171875,886.0951538085938
27663,91.15080261230469,722.153076171875,746.726318359375,1200.927978515625
27714,61.78681564331055,463.3652038574219,636.8639526367188,872.8737182617188
27762,54.69902801513672,228.52838134765625,784.4691772460938,752.8897705078125
27795,37.0893440246582,953.848876953125,382.3645935058594,1228.333984375
27956,64.66837310791016,807.6168212890625,705.3345947265625,1277.9268798828125
27958,42.53488540649414,351.13629150390625,461.5516662597656,654.0146484375
27959,100.59453582763672,409.0443115234375,675.6351318359375,825.6510620117188
27969,23.851980209350586,432.5140380859375,415.0961608886719,724.01416015625
27993,118.41264343261719,519.7459106445312,652.3001098632812,923.07763671875
28021,33.41641616821289,489.95465087890625,86.017822265625,526.9828491210938
28030,42.11088562011719,703.4212646484375,229.00408935546875,839.0167236328125
28096,26.822832107543945,437.560546875,158.4575653076172,534.9608764648438
28172,54.773014068603516,306.75115966796875,585.2955322265625,691.133056640625
28183,20.925386428833008,329.2710266113281,748.6285400390625,894.58203125
28195,55.30977249145508,821.4898681640625,270.7184753417969,990.618896484375
28353,40.1888542175293,497.3749694824219,266.19024658203125,663.1195068359375
28398,46.99845886230469,695.2406005859375,296.83306884765625,885.8543701171875
28422,62.83803939819336,893.0026245117188,366.1753234863281,1138.1162109375
28464,58.53763198852539,228.25120544433594,466.664306640625,501.2840576171875
28469,43.18784713745117,307.3131408691406,715.9330444335938,809.0979614257812
28478,44.61531448364258,882.7864990234375,65.26744842529297,897.1563720703125
28560,43.970027923583984,881.5281982421875,487.4166259765625,1238.56494140625
28594,69.65425109863281,895.0862426757812,613.4451904296875,1320.552490234375
28597,39.041481018066406,362.380859375,187.39114379882812,472.1837158203125
28677,38.03264617919922,463.0666198730469,367.7860412597656,686.8638305664062
28736,58.71781921386719,748.1973266601562,243.89422607421875,890.332275390625
28739,85.99032592773438,861.7666015625,953.3502807617188,1464.3111572265625
28802,64.52872467041016,1136.9652099609375,566.1901245117188,1500.48974609375
28804,100.88290405273438,205.73220825195312,857.0364379882812,812.6538696289062
28831,26.413606643676758,527.4484252929688,81.00485229492188,567.2453002929688
28915,64.11448669433594,822.2787475585938,330.4908752441406,1028.68798828125
28917,38.11638259887695,221.2539520263672,740.8803100585938,737.17919921875
28965,35.81400680541992,327.330322265625,373.0330810546875,575.1004028320312
28987,141.97604370117188,668.0061645507812,879.162353515625,1222.6641845703125
28998,142.24398803710938,616.1053466796875,1085.1407470703125,1330.1793212890625
29008,46.49287033081055,387.34844970703125,752.375,902.27685546875
29012,27.9946231842041,525.3229370117188,36.237979888916016,531.6138916015625
29018,62.014347076416016,244.7001953125,557.5986328125,612.6632690429688
29123,33.12692642211914,515.812744140625,190.51890563964844,635.564208984375
29141,54.26029586791992,868.8670043945312,221.32608032226562,999.6962890625
29164,28.584001541137695,265.1650695800781,907.2531127929688,930.3218383789062
29167,46.36736297607422,643.80224609375,518.0596923828125,1009.0498046875
29174,55.66011047363281,967.2959594726562,232.04095458984375,1095.5704345703125
29178,66.08819580078125,769.4014282226562,648.5411376953125,1207.3052978515625
29182,72.327880859375,975.3104858398438,389.2353820800781,1210.330078125
29200,89.20156860351562,198.06546020507812,817.5962524414062,777.8076171875
29236,120.07276916503906,478.0624084472656,553.0608520507812,798.131103515625
29237,53.22923278808594,759.889404296875,579.4835205078125,1151.5213623046875
29282,141.62217712402344,564.458251953125,942.4227294921875,1162.5718994140625
29286,39.959129333496094,597.2083740234375,126.3201675415039,660.294189453125
29498,25.77939796447754,324.421875,263.0425720214844,499.0865783691406
29550,-6.299299716949463,266.0533447265625,706.09521484375,808.5892944335938
29563,54.47106170654297,961.4014282226562,231.2163848876953,1088.538330078125
29585,43.001766204833984,762.482177734375,926.2868041992188,1455.0299072265625
29593,126.40149688720703,684.723876953125,694.3087158203125,1106.90576171875
29645,28.796167373657227,517.3368530273438,53.3882942199707,536.3677978515625
29669,92.29168701171875,512.064453125,684.2489624023438,962.5147705078125
29780,57.56050491333008,1201.7337646484375,695.6534423828125,1707.13818359375
29854,78.22825622558594,1030.9853515625,359.4261169433594,1254.2510986328125
29906,55.35633087158203,942.5050659179688,184.807373046875,1042.12109375
29956,48.617313385009766,679.6339111328125,271.7743835449219,849.490478515625
30034,64.2353286743164,576.997802734375,708.4012451171875,1047.8974609375
30089,25.252714157104492,404.76873779296875,289.5711669921875,605.2655029296875
30093,44.953582763671875,964.8822631835938,549.7907104492188,1369.34033203125
30097,86.44152069091797,110.60208892822266,847.061279296875,699.9019165039062
30112,77.56202697753906,391.0074768066406,883.9807739257812,945.0239868164062
30121,41.8377799987793,451.7430114746094,409.2279357910156,741.5969848632812
30200,66.50640106201172,883.2446899414062,443.8612060546875,1190.4285888671875
30204,44.81894302368164,1054.2835693359375,218.3184356689453,1204.2349853515625
30215,17.809648513793945,307.6510925292969,294.6120910644531,530.5499877929688
30242,130.6084747314453,1030.55029296875,632.837158203125,1394.0855712890625
30247,78.87654876708984,707.2638549804688,729.5883178710938,1172.1719970703125
30274,79.33592224121094,790.0435180664062,582.1763305664062,1187.2196044921875
30315,71.94307708740234,546.9976806640625,524.0030517578125,862.3775634765625
30437,67.14598083496094,787.2339477539062,469.1066589355469,1106.123779296875
30510,64.2568130493164,742.801025390625,515.25146484375,1106.7955322265625
30583,65.50730895996094,553.802490234375,452.4832458496094,845.966796875
30615,26.126506805419922,474.7098693847656,81.55245208740234,515.9671020507812
30683,53.05450439453125,1225.22314453125,116.8231201171875,1274.2655029296875
30699,49.85261917114258,498.7845153808594,509.96282958984375,838.7820434570312
30724,27.44062614440918,189.1083221435547,495.3452453613281,535.9851684570312
30742,72.89264678955078,549.8679809570312,532.9478759765625,878.5947875976562
30796,58.99346923828125,742.9327392578125,610.161865234375,1160.1923828125
30934,57.386966705322266,703.3511352539062,640.8311767578125,1128.10595703125
30965,60.56125259399414,312.2312316894531,578.01318359375,683.7427368164062
31018,43.06267547607422,561.109619140625,127.52246856689453,624.8070068359375
31033,46.97840881347656,961.0852661132812,47.29590606689453,962.4197387695312
31045,93.31914520263672,818.906494140625,703.1820068359375,1270.2418212890625
31086,38.0875358581543,606.0505981445312,109.71614837646484,658.7774658203125
31098,34.373046875,684.556640625,497.44873046875,1075.314453125
31101,37.49771499633789,767.7300415039062,90.5421142578125,809.65966796875
31168,52.88676452636719,740.5413208007812,234.84580993652344,876.8466186523438
31182,27.200349807739258,328.2420959472656,573.5263061523438,755.2158203125
31229,57.199119567871094,503.3016662597656,565.2050170898438,889.194091796875
31252,32.88542556762695,585.243896484375,141.49179077148438,669.1705322265625
31292,56.928035736083984,161.24935913085938,662.3045043945312,574.5342407226562
31297,23.97873878479004,397.8329772949219,126.86488342285156,474.3153381347656
31331,18.081987380981445,852.1151733398438,577.0286254882812,1326.1546630859375
31392,36.36668014526367,672.5009155273438,688.8236083984375,1185.49072265625
31398,54.46689224243164,501.9940185546875,652.2827758789062,947.9608764648438
31443,27.496429443359375,321.5065612792969,297.5374450683594,519.8974609375
31515,42.89988708496094,725.1043701171875,112.34463500976562,780.07666015625
31556,41.90855407714844,667.853515625,215.0480194091797,803.5320434570312
31561,30.358932495117188,356.0007629394531,366.36309814453125,612.8815307617188
31634,48.550350189208984,537.7211303710938,658.29345703125,1007.458984375
31641,55.19483184814453,415.4398193359375,869.8323974609375,1001.3460083007812
31700,38.49087905883789,167.24490356445312,747.8247680664062,691.9727783203125
31749,50.89388656616211,1010.2669067382812,66.19095611572266,1021.2579956054688
31863,65.23603820800781,460.23565673828125,593.5785522460938,830.3978271484375
31881,106.84253692626953,686.777587890625,865.3742065429688,1242.9354248046875
31932,45.40424728393555,259.0242614746094,626.8095703125,662.463134765625
32004,53.4498291015625,807.5580444335938,712.5775756835938,1357.5321044921875
32050,115.73428344726562,882.5357666015625,728.855712890625,1349.6376953125
32067,56.70297622680664,568.5592651367188,799.1759643554688,1118.0830078125
32101,31.971128463745117,818.5107421875,301.8626403808594,1043.7581787109375
32106,55.611183166503906,590.5487060546875,576.122314453125,957.3178100585938
32119,23.889001846313477,598.9361572265625,277.9697265625,804.6647338867188
32152,91.63169860839844,59.711334228515625,1061.0611572265625,743.50830078125
32159,42.5211296081543,522.1493530273438,846.7525024414062,1140.7041015625
32182,36.624839782714844,358.0570983886719,265.6488037109375,534.7689819335938
32264,50.08360290527344,354.2809753417969,419.77764892578125,623.9381713867188
32281,25.473649978637695,492.9353332519531,73.46665954589844,528.0945434570312
32303,36.424373626708984,178.9287109375,752.6607055664062,711.441650390625
32310,32.19725799560547,526.4034423828125,196.04095458984375,649.5653686523438
32337,87.59200286865234,759.3936767578125,528.348388671875,1091.3868408203125
32366,24.21442413330078,364.8369140625,359.29327392578125,624.2556762695312
32387,20.059242248535156,400.1676940917969,199.1817169189453,543.1549072265625
32415,30.50629234313965,218.42788696289062,442.32037353515625,519.826904296875
32431,27.33550262451172,429.01129150390625,123.44293975830078,509.05206298828125
32442,48.63859176635742,790.1182861328125,193.76953125,900.4866943359375
32477,20.56122589111328,412.142333984375,380.46380615234375,695.0365600585938
32479,41.80307388305664,212.867919921875,647.0601806640625,646.0924682617188
32493,47.63997268676758,807.45703125,488.793212890625,1151.1949462890625
32513,63.299522399902344,757.659423828125,584.1334228515625,1143.8282470703125
32551,62.57618713378906,1478.8668212890625,75.56402587890625,1491.4356689453125
32626,122.07212829589844,404.12542724609375,773.8408203125,891.3143310546875
32631,40.7025032043457,810.5530395507812,70.13140869140625,834.73486328125
32641,131.48324584960938,308.7673645019531,974.09130859375,968.5348510742188
32701,89.96503448486328,482.19219970703125,782.8624877929688,994.5339965820312
32714,39.874027252197266,732.8240966796875,169.8777313232422,830.6340942382812
32764,47.278011322021484,721.9564208984375,344.1991882324219,937.0711669921875
32798,59.566978454589844,919.3375244140625,285.3606872558594,1084.581787109375
32866,39.479522705078125,383.230224609375,242.94534301757812,534.5193481445312
32888,41.9565544128418,474.8719787597656,664.3329467773438,934.9492797851562
32928,36.1314582824707,845.4176635742188,46.042903900146484,856.4945068359375
32954,48.75922393798828,661.5392456054688,351.63787841796875,889.1295166015625
32988,113.78457641601562,1020.4484252929688,676.99169921875,1457.224365234375
33024,60.92216110229492,635.2113647460938,639.5145263671875,1063.375
33046,72.20068359375,1121.3385009765625,507.00213623046875,1442.560791015625
33081,59.98395538330078,419.88507080078125,408.03204345703125,686.5404663085938
33084,45.492408752441406,647.7550048828125,379.99676513671875,919.9818115234375
33252,54.98469924926758,1047.4610595703125,365.3141784667969,1282.1268310546875
33259,115.81767272949219,1219.224609375,393.29656982421875,1418.3974609375
33275,121.67988586425781,624.4864501953125,781.26220703125,1131.662353515625
33304,73.87896728515625,1289.2362060546875,450.47064208984375,1578.514892578125
33357,49.04336166381836,901.7086791992188,243.15003967285156,1055.0233154296875
33434,19.51808738708496,293.90875244140625,573.0189819335938,744.8580322265625
33518,47.25336837768555,795.354736328125,130.61312866210938,857.2191162109375
33551,47.9180793762207,970.9420776367188,187.4680633544922,1076.7022705078125
33598,104.7544174194336,797.5438232421875,712.8148193359375,1253.6746826171875
33651,91.2635498046875,400.0314025878906,965.338134765625,1038.2357177734375
33665,32.48207473754883,606.2337646484375,59.84889221191406,624.5385131835938
33682,84.07622528076172,510.1194763183594,698.027587890625,955.5927734375
33690,65.86003112792969,887.643798828125,502.270263671875,1204.224609375
33743,49.0295524597168,931.3211059570312,252.33456420898438,1107.8475341796875
33764,63.07115936279297,970.751953125,601.808837890625,1374.5439453125
33804,38.057865142822266,502.7615661621094,324.4571228027344,726.0494995117188
33858,2.8342509269714355,187.25869750976562,752.6507568359375,747.0995483398438
33872,47.238189697265625,907.1943359375,77.69649505615234,929.8578491210938
33896,82.77330780029297,769.044189453125,718.7286987304688,1259.4658203125
33897,68.86448669433594,789.952392578125,279.8451843261719,952.15673828125
33942,47.190006256103516,493.7139587402344,283.0503234863281,673.8340454101562
34114,62.6381950378418,1052.78076171875,202.4807586669922,1160.7213134765625
34115,43.427974700927734,745.7481079101562,248.23867797851562,900.7979736328125
34151,61.96261978149414,1044.946044921875,339.5110778808594,1267.142822265625
34163,34.12932205200195,565.006591796875,182.77685546875,687.751708984375
34170,50.00613784790039,669.7412719726562,515.0733642578125,1036.2078857421875
34212,91.25292205810547,731.8053588867188,903.9857177734375,1299.6966552734375
34214,76.81705474853516,330.7271728515625,938.9212646484375,950.46044921875
34245,90.72318267822266,1031.1085205078125,608.940185546875,1436.3631591796875
34247,63.56753921508789,1317.4674072265625,191.14134216308594,1419.366455078125
34332,72.56269073486328,740.5116577148438,358.634521484375,951.78564453125
34339,40.8299446105957,553.648193359375,434.3794860839844,864.135009765625
34362,51.07737350463867,179.6420135498047,519.1798095703125,547.6948852539062
34495,44.794612884521484,643.5845336914062,380.41973876953125,892.8323364257812
34508,59.77973175048828,928.9169921875,312.4739074707031,1121.1060791015625
34543,52.812217712402344,890.4249877929688,439.80419921875,1191.129638671875
34614,34.29661560058594,433.4327392578125,337.6739196777344,647.067138671875
34667,95.38198852539062,700.9108276367188,914.2527465820312,1265.1904296875
34774,55.01260757446289,270.1557922363281,1119.8717041015625,1089.4384765625
34791,53.408321380615234,869.2119140625,240.66748046875,1012.6046752929688
34824,58.36104202270508,963.4814453125,207.07301330566406,1075.4554443359375
34910,27.398956298828125,321.1820983886719,142.95654296875,411.3883361816406
34934,15.152682304382324,535.3445434570312,652.3208618164062,1035.0174560546875
34957,50.65209197998047,985.610595703125,129.05657958984375,1045.4239501953125
34973,43.31343078613281,336.83148193359375,611.0836181640625,749.7689208984375
34990,41.137149810791016,663.5670166015625,235.80958557128906,812.5234375
34994,62.08091354370117,854.5594482421875,574.03759765625,1227.9677734375
34998,47.93092346191406,544.06884765625,133.90240478515625,606.2130737304688
35081,51.12728500366211,984.5078125,254.53004455566406,1149.7542724609375
35102,101.45767211914062,867.4129028320312,860.4842529296875,1430.6944580078125
35123,68.34723663330078,1037.049072265625,284.9653625488281,1199.0377197265625
35131,87.94204711914062,487.3894348144531,950.5325927734375,1092.8062744140625
35187,57.72102355957031,817.0772094726562,334.1666259765625,1032.958740234375
35189,76.25108337402344,462.91351318359375,806.3634643554688,1012.7802734375
35223,112.54197692871094,527.461669921875,642.9298706054688,940.0018920898438
35341,46.94096755981445,572.4049072265625,530.620849609375,932.1263427734375
35360,59.55948257446289,318.5706481933594,568.3399658203125,676.2710571289062
35388,28.253623962402344,531.291259765625,153.54930114746094,629.566650390625
35470,40.37976837158203,567.008056640625,154.95626831054688,649.0560302734375
35476,48.84651184082031,955.0482177734375,88.54581451416016,983.9387817382812
35492,54.28439712524414,674.3018188476562,247.97694396972656,822.8220825195312
35648,109.61731719970703,810.834716796875,883.9286499023438,1380.8604736328125
35652,93.31421661376953,194.32443237304688,648.4093017578125,596.442138671875
35684,39.050071716308594,81.88356018066406,947.852783203125,755.070068359375
35699,59.05320739746094,644.7445678710938,276.8422546386719,809.7555541992188
35703,32.78901672363281,436.5693359375,349.5415954589844,676.3750610351562
35719,49.452388763427734,572.9840698242188,594.18994140625,970.0227661132812
35738,45.776371002197266,610.0524291992188,131.42926025390625,669.862548828125
35799,34.21568298339844,784.6377563476562,878.5672607421875,1368.044677734375
35851,32.28506851196289,530.1865234375,187.30857849121094,645.2117919921875
35868,52.05857467651367,589.368408203125,338.0982971191406,808.1883544921875
35873,95.65091705322266,455.43670654296875,679.7431030273438,885.1155395507812
35962,31.01861572265625,481.80780029296875,527.851806640625,868.5823974609375
