itemId,y_pred
18,111.58761100518257
19,41.719190163083056
33,66.25950892646955
62,96.36498510059845
114,54.980127666298415
146,100.38801059206034
156,53.93282615420803
163,37.2694836355976
164,70.90204590102007
179,69.78522772049787
186,133.09024680661284
215,157.78062042772595
225,46.183367693754334
227,153.86830649702262
247,50.8323302916517
275,96.65311585060965
311,101.36926595511534
399,85.69630903536127
421,64.53205187750969
432,67.03441884085316
442,50.91449761207029
459,31.036095602420442
492,73.92470644155136
507,174.97377884753712
631,148.38878706738274
707,44.21379495208162
723,129.75762593287484
1003,64.3824825920323
1065,90.15604840825173
1136,176.48334757894554
1187,104.12461354638815
1202,67.7157813595765
1216,108.2149964995713
1263,120.315116084958
1279,121.33809068539227
1293,61.48388566047071
1306,50.34083114918141
1314,144.11241953591383
1323,96.08443627742403
1364,101.81372621505078
1384,37.07191978159377
1406,62.04837164509196
1408,95.75937733459281
1425,55.514445561380256
1476,90.51428987689994
1508,82.60474213597558
1534,106.82484260135274
1542,103.43561848171262
1565,58.669513456020084
1582,49.614327007181345
1620,136.93379784661323
1650,51.28387594850461
1729,115.13657623731984
1748,80.37898013977562
1892,74.33460634191756
2075,90.53401639586788
2081,70.71207061284233
2226,83.9090470309202
2276,46.40659198153627
2288,30.32951229076359
2381,68.482959771215
2434,67.59036137450005
2440,102.51210981379859
2476,95.63082767478957
2513,33.116021549284056
2528,76.22795669393194
2644,47.01772600453226
2669,76.93685410815031
2724,59.896975661547735
2740,104.89829423597712
2766,83.29234483040072
2807,74.16414491927286
2869,18.771144331498817
2874,117.41407890247845
2949,72.53853875684914
3028,93.66098667113138
3079,15.970156493808366
3110,77.03714392330893
3232,52.56839126441604
3252,102.51920726218155
3301,60.78516119760838
3357,43.470610963369396
3419,123.05746136538133
3449,83.32775349074493
3665,70.47814314946459
3747,107.0594851120673
3769,119.54313185206182
3770,60.675389818034766
3864,95.70153108569409
3895,108.74632973776146
4033,62.14097180593257
4034,56.896030018940294
4063,92.7201472828953
4099,81.28521172746923
4192,96.6914759310384
4195,78.61803766982119
4294,167.24366288659473
4396,197.68312463205575
4462,61.20335723354181
4585,93.64449441544285
4592,43.58260713187141
4593,93.23719821509157
4625,33.1312524367338
4673,97.6463122188195
4682,39.71349285901144
4693,85.01472491648977
4724,53.971584820262294
4790,78.76280641389987
4997,97.1128456301324
5066,32.63707957510613
5100,73.38620875685184
5142,98.11014982666869
5143,196.6030615125753
5225,70.27246515888083
5236,65.28555808087556
5271,80.03159037715682
5314,97.09404536296393
5332,122.67462118138214
5361,80.3716715268209
5380,20.93254295132504
5383,51.39605815718784
5461,61.22828759729468
5489,97.38251209333727
5496,101.07891841525824
5520,93.49626110079953
5568,68.79622262735275
5588,88.2839278950597
5620,33.769114350811165
5681,37.19560642329799
5692,47.71309678023303
5704,89.44978394674354
5740,55.08827836896789
5747,77.78797740831817
5856,187.93063393913366
5913,97.011511174959
5970,50.23009533358966
6109,74.81947997088557
6163,104.16110102308929
6244,99.91157127424356
6254,52.25832033974779
6516,49.687924234088065
6520,123.44242778059657
6544,56.536720845268434
6658,82.9933205392105
6668,86.85997580744578
6770,85.6161982388749
6821,67.71706052166392
6822,193.78620566896606
6853,128.79613327840354
7133,87.27020830422227
7279,62.72096658837572
7318,72.01235285177914
7384,84.42922586409392
7418,40.05740107731913
7448,108.86300939324985
7506,31.76054512192882
7581,18.118783566870757
7629,51.08987047009192
7683,73.11457975053973
7693,123.11798519476298
7778,67.1762576613841
7838,79.18512346311053
7856,14.189277017021533
7884,101.35141235842403
7888,110.24403570312029
7939,54.38683779835503
7989,97.1301244769453
8065,73.60662484780681
8108,93.54152606597575
8126,125.38453332589765
8182,104.26965311898903
8189,75.23350031862968
8199,53.43903805367308
8200,99.19436487113349
8204,29.56996968094244
8280,162.75277449872834
8319,80.10972694470355
8358,6.585430431458604
8446,104.88669820070822
8465,69.74368642573532
8490,90.95879595512491
8516,51.17891595030647
8562,91.23224939649111
8578,53.83607345108747
8610,59.77876130467199
8647,108.18109132776965
8761,45.73651862503179
8799,75.88789897992021
8841,73.68869799646487
8937,40.37341996706214
8948,132.75670535693519
8950,129.54133820472072
8955,50.67498110898248
9098,88.92180767738235
9216,43.700587910272056
9306,51.821549119847894
9444,60.44844214643837
9489,76.852214978192
9539,75.56002473333919
9606,58.795246042007186
9628,49.1114846565266
9762,59.568603446926346
9842,64.00519282484966
9893,23.245197917848184
9951,98.91415200661424
10052,103.08435287356198
10195,25.812744104919304
10280,127.52670035517738
10339,93.39919912445106
10532,123.15591587370278
10634,67.16261207786235
10712,94.30894909612084
10723,163.29507629909588
10820,28.324595576175415
10864,84.61974788934141
10913,35.20011865290718
10983,66.46523632182743
11147,172.83043124078532
11211,138.5641913847399
11275,67.5376595013202
11365,129.12012948240985
11380,84.44449727733918
11410,110.0862277154143
11463,91.20478947408367
11468,17.098700483216877
11612,77.837372672404
11735,41.407563452712
11736,78.99395020018437
11913,125.57402549769007
12249,110.65015411197918
12275,18.22223755291884
12283,97.93565798034423
12300,109.74593418006054
12448,116.40726640373143
12504,74.38146967549922
12545,52.195844663522685
12559,49.6993524737056
12662,66.95125969900259
12851,66.93726166430518
13115,150.8080046978396
13156,62.52449116791273
13162,102.97548695453334
13288,42.14742196159882
13369,87.99451560035448
13413,73.59241724576592
13457,76.43131015065819
13515,110.59092898956142
13593,100.84092731128197
13610,97.59123035307474
13720,95.31698619425995
13751,66.39644948687808
13884,74.98084227762891
13921,95.84670338496872
14033,37.42756178208112
14077,116.35080502799346
14152,73.59438089551665
14178,57.32891282580705
14254,72.29963952682024
14310,91.56382592164255
14376,56.201981571850936
14459,88.23341435563668
14564,55.95103971530115
14821,87.25650991078157
14844,176.06691941696653
15156,72.0625690716328
15169,106.87739743916566
15170,66.44037628278355
15290,47.61644750209979
15382,90.16635753507177
15391,90.07470760789772
15418,87.03831390609628
15455,167.66354473179814
15569,37.87963589818874
15596,99.87646799719036
15677,68.65637544406617
15685,129.18574256441312
15732,87.37328982188993
15749,129.8980994503901
15774,68.64893524217345
15874,65.37437466297098
15912,33.66002227064719
16002,112.9734018706877
16036,42.87185064459301
16038,79.18784132840848
16278,73.01324440694015
16288,186.81942715039585
16335,136.1933486061343
16449,77.42882648218651
16465,96.33795926447675
16477,52.07935945370344
16510,63.749013043834275
16543,99.46236004443989
16612,102.1433963604876
16625,65.39340643396962
16688,119.01552212338161
16857,37.41293495675956
16996,100.18848817807032
17064,39.017504756004996
17130,50.372796149439026
17171,159.6418952850294
17202,58.80807129598154
17239,65.91110031380977
17383,63.6623554501711
17436,66.15586973153765
17462,98.72934313914966
17528,70.8450930726856
17550,94.51640220928059
17578,56.81763379088163
17635,84.30513533240928
17640,77.56991302938212
17671,82.30474441311739
17717,79.59699002580957
17723,11.730777017871988
17735,69.25069931346106
17858,114.22673093729003
17861,196.77014153674153
18101,100.86427455059803
18175,59.899927331786486
18191,47.79438954648192
18410,52.81619290635315
18454,72.61824845634209
18470,107.0606781048037
18505,34.409238348064264
18535,124.40666210152324
18573,74.0991417984666
18588,86.63905975522742
18590,50.561762634312146
18593,63.77790881930356
18645,59.023329929576015
18662,54.64097403962634
18682,45.096884325925615
18723,51.75895517482616
18735,144.55088929308982
18781,72.84243757751497
18822,98.00170706034237
18847,72.27994291877864
18998,44.81811313749607
19070,94.03927443553185
19160,84.71839554799685
19192,83.1812424128982
19197,64.6461480887505
19204,96.17014078183422
19221,89.02812572206479
19253,67.0506997642207
19263,65.98037899147253
19276,52.688283451607916
19413,33.521021930566675
19414,93.5971420649229
19461,141.31455394750085
19469,76.13854335137044
19548,93.3048549479136
19608,85.85346010881906
19632,139.30374189249903
19642,64.21638260057044
19649,44.93207976208154
19707,46.81147615988081
19808,114.91911297914663
19910,106.64466271493015
19985,46.08963246768125
19999,158.12971018814582
20021,83.29842740053348
20159,107.62978728079162
20248,52.00803347154117
20310,64.35824062676846
20312,73.46040204163793
20324,75.86125306952565
20434,61.63966975460423
20465,65.35042447506754
20552,75.77980032177928
20605,40.86694086769574
20615,84.95597099595423
20618,80.43112590942341
20624,131.4715180458911
20791,98.37575716422967
20798,66.66554741634201
20836,68.43702860342749
20871,106.38482601829051
21011,60.731528257767536
21099,56.35925131412836
21153,110.69644544784461
21169,57.15223204895782
21382,112.98964456365101
21446,177.8423991984114
21454,120.98636153737452
21540,101.93895420105676
21545,154.45499670934018
21579,39.426706287228924
21593,72.09475882255126
21618,52.358536358952094
21621,83.76054567797757
21720,39.698480042164974
21769,135.7451237820614
21818,60.75571385280884
21830,49.21757679519983
21927,89.80043387458976
21960,117.69339751241873
21977,9.009496354526812
22053,114.01853274474078
22103,68.604199466323
22107,47.170351952437976
22118,90.52709072923057
22168,92.51978473823014
22206,108.60095589349753
22378,140.44361729069635
22412,96.82251008231133
22572,60.09337704530385
22599,74.75831697135095
22657,86.54528859230987
22679,95.67461160305537
22681,78.78873883948705
22771,109.0420620300179
22822,80.52861676606858
22865,124.25809754502544
22886,87.41415375205841
22928,102.18695022704352
23003,29.841638055704685
23012,81.83118719086825
23018,54.62396824083786
23078,79.08109537934124
23164,54.47633230844757
23225,68.4903145646066
23237,64.07060018262794
23357,72.69792224848405
23358,90.62436800797751
23395,100.08709357537612
23404,96.29830236799258
23444,79.99558363824266
23477,59.911228710075775
23528,91.43410073432935
23531,87.6915901068414
23731,27.047338838506256
23811,131.23915146313726
23911,57.970072991944264
24081,69.14696900445213
24143,90.03390977636549
24173,95.06026727073387
24247,114.8516296708411
24260,53.83512154502227
24266,67.03393829836867
24267,38.49695564591475
24349,78.00339277427035
24505,100.34854975988205
24532,35.65570008562871
24538,68.82088862048282
24552,76.79344528690862
24587,54.5252799585478
24633,111.55493969725248
24639,67.09124591061092
24672,97.4166919915576
24861,90.36300442060353
24873,91.64785740773402
24880,66.17698335784215
24919,65.15462640150236
24928,48.08530721082355
25034,178.31658341320576
25046,46.89802428541891
25083,83.85444975624596
25130,61.47921135266958
25296,143.5242464714223
25331,32.09769144158412
25351,54.112987273147525
25405,129.18691201401657
25426,89.66721652001226
25430,105.98391169040977
25476,51.88371023137289
25482,51.3899665578573
25513,57.76918925281208
25720,52.17137099683535
25739,94.7825807261085
25757,208.04647068861138
25856,106.85523784235417
25875,46.009147399791395
25997,53.845704356720844
26008,64.64557183749348
26121,72.78795363974915
26192,29.48518757761439
26394,80.38054377617792
26427,92.28576680621832
26645,102.58606838375741
26896,119.70533193261673
26923,102.81705819382528
26948,86.93409984436084
27003,70.64305189321901
27029,114.5220382488618
27094,103.62390153741923
27172,42.95062619803634
27193,85.49430091307585
27230,123.79731778223567
27242,86.40645085480338
27338,88.90601776945111
27347,39.35316631904753
27402,100.0222043990961
27602,76.98630740659014
27608,55.074424988833634
27665,54.01665310891841
27685,134.8724433732377
27742,93.78825445672379
27833,106.57655558344042
27918,102.67634394765027
27957,91.12508628583355
27986,55.67584933267913
28007,57.51621363828684
28010,55.36070706059057
28072,45.6143991480583
28128,87.82435192490492
28153,75.5749036102238
28171,62.975580112713835
28177,87.07990532755022
28208,46.97964453755704
28239,103.32831547647777
28275,107.0697158647249
28416,96.99370623154059
28493,82.09812339037451
28516,121.83464768417682
28577,81.46604288867854
28619,84.38397763580909
28694,91.0276701360529
28770,87.4446678425192
28809,83.92007979572062
28850,83.91344651746533
28946,135.64282646470832
29009,110.44862264948473
29084,40.265915741833965
29098,87.99490339273888
29169,84.64886660283935
29271,81.89895522799532
29284,32.91018885073464
29285,54.132470228328685
29298,50.40325479361361
29476,79.44130556267605
29504,82.64491032544416
29674,58.83303226017415
29675,68.49404803431793
29743,79.0286263532961
29774,30.024167463203803
29814,76.80117420463829
29822,72.93430857514535
29828,56.01772839950013
29961,43.255491908007194
29976,43.12040288742827
30098,76.52360390855955
30300,161.64665776092644
30482,97.295414009886
30498,44.806962820928135
30500,31.905685138162944
30503,75.99988561904705
30546,65.95204957231795
30633,127.49019848844729
30679,43.55278738325974
30745,56.44035098177452
30777,62.07742484569314
30883,95.36482932552204
30907,76.66708610861649
30913,58.592210642232786
30935,101.2403851121783
31011,113.82533687063508
31040,49.75668068671835
31194,93.2845018133896
31294,64.53055109329787
31313,74.9862455432023
31363,34.76170208309953
31420,82.75612768362333
31435,64.36306418010821
31453,55.68904500798401
31479,91.73603523157617
31746,102.155636202321
31791,161.6167709340484
31794,149.80152997148085
31808,104.21150299600465
31954,228.7674150214459
32082,44.250499409661096
32086,26.634389034578703
32102,90.79353399365812
32171,156.41351657196282
32282,46.35170221989489
32323,67.62065463832792
32394,82.19914906439183
32525,84.99187744041114
32588,103.18217189351464
32636,63.90230340991921
32736,67.4016832495368
32812,56.79616722343504
32920,63.86683800781859
32958,73.72768563062893
33016,72.95064412758059
33086,97.78855572080856
33138,115.53359146525024
33144,55.13078508029259
33300,256.83374229121534
33435,107.82492338324252
33560,49.04305538127835
33605,165.20286627943165
33736,54.42611265926497
33746,87.98501130194083
33868,81.44212494790756
33873,98.23395759284266
33972,93.63699461942238
33980,54.09958595301963
34000,53.079056561544235
34085,157.41119186141282
34122,130.68039507382016
34143,85.20615777512148
34284,109.65041176698779
34340,75.4555459200566
34455,81.5239321088864
34465,93.43887886731116
34471,92.57173756195382
34483,101.27094360777411
34652,93.38696243883652
34655,73.300920014931
34796,40.16673150451928
34804,59.88218150874456
34958,140.15518679674145
35020,91.89782530482294
35021,29.751226184052427
35110,109.27611419161417
35118,78.06535451573475
35128,24.80975448565428
35227,94.21253283624394
35307,46.21584721282988
35512,58.278079982605064
35514,25.960004540320686
35544,74.5133400404691
35660,72.17210617800643
35682,54.18664342695271
35685,129.5436742456513
35695,76.21446089173006
35966,150.77335184352114
35973,55.79071829691004
35978,76.01108066086772
18,620.8086456084732
19,591.5636764671676
33,379.38281200579775
62,843.2171229707208
114,604.6795147985822
146,421.2024495057749
156,802.3468552658035
163,335.7593344746187
164,301.251546908068
179,512.1565149429008
186,902.4166420610989
215,595.2369188170552
225,680.0890509244127
227,835.0677185891137
247,630.074572584839
275,452.0944826979759
311,621.4160619827483
399,798.7619913629542
421,907.7527630313077
432,818.3986036049123
442,679.8305322027213
459,347.63435987198295
492,1044.1157655587292
507,249.03451926269457
631,602.5737753067082
707,802.7406908355654
723,175.38985627909585
1003,610.6260615123317
1065,834.0380196132364
1136,783.3035204253945
1187,629.8038894983554
1202,764.9457807515182
1216,595.422521148582
1263,734.5353104339174
1279,179.53599528001794
1293,520.0562894369776
1306,422.12252148605984
1314,700.0317809307469
1323,306.59051919065155
1364,430.21145457933324
1384,419.3301035086341
1406,786.0025859030493
1408,537.0975787876374
1425,806.3376974749428
1476,523.8252392585987
1508,821.6370706197575
1534,514.0185860883804
1542,832.7090243227518
1565,707.9304701408549
1582,419.5813322481663
1620,340.96916264733375
1650,604.4325291480576
1729,499.4609327210826
1748,457.2461023043282
1892,336.1453671887824
2075,168.08905031909234
2081,260.1341147201076
2226,957.5131625233148
2276,812.7670617042058
2288,501.71323152676166
2381,361.88486111836045
2434,764.3434918542888
2440,504.0151001403783
2476,153.0372987286481
2513,524.2613221554432
2528,382.1393093904158
2644,728.9962849589995
2669,479.97524280816526
2724,494.1954231479566
2740,261.7081662366091
2766,550.8553769814919
2807,1001.0914527478403
2869,487.31653978337386
2874,155.141155690186
2949,964.707065048647
3028,365.9161758394844
3079,354.0470520008535
3110,649.8722780493239
3232,370.8283663467115
3252,800.5024005719281
3301,989.4434537148584
3357,670.857587240338
3419,786.2448551520154
3449,753.5599169912185
3665,866.2435307131562
3747,684.0626884331855
3769,274.68496668357596
3770,639.9482554364761
3864,222.57183187885354
3895,175.67247180986953
4033,597.7279086698724
4034,483.02977913676796
4063,720.689517851881
4099,863.3542820016197
4192,683.9880954989576
4195,1112.7246083628152
4294,542.5743492057729
4396,589.1183072766582
4462,1125.9975506171224
4585,334.00457357349205
4592,881.3317860575866
4593,367.4877722290875
4625,615.1279950453719
4673,270.82124446635754
4682,777.7440420652877
4693,630.0312570127109
4724,545.3787431808042
4790,380.5693762190169
4997,1276.3729234936486
5066,655.83655867486
5100,260.04074842888866
5142,624.4187718746605
5143,678.459318257107
5225,540.9910411010106
5236,652.3913266558245
5271,471.1177350166015
5314,427.1042285167416
5332,663.8747913951546
5361,233.99353360779827
5380,564.3305113043757
5383,619.8165130437824
5461,512.8910379001289
5489,210.89741367265947
5496,655.1994134080098
5520,421.77224185285706
5568,717.7137494814953
5588,842.8063075273536
5620,629.2298934014376
5681,546.8303593911706
5692,573.0152491800081
5704,667.2295569190351
5740,873.955415395903
5747,408.7844741280086
5856,295.76158135575446
5913,237.43570684329944
5970,366.3533711697132
6109,1141.6296292113
6163,389.1238928707811
6244,865.3252733353569
6254,611.9246009504633
6516,764.6146570054107
6520,583.9956421403715
6544,655.5988230085065
6658,394.4626142921607
6668,891.6241087090868
6770,1245.971805740002
6821,1043.0040187295174
6822,585.8015521990875
6853,366.3024634870403
7133,197.46515207331538
7279,500.0508208335808
7318,728.3327837538168
7384,896.129634832659
7418,600.4123665196498
7448,523.739873084759
7506,932.3931551340522
7581,464.02162079269203
7629,753.5645011960783
7683,422.5362091431846
7693,634.1765697476316
7778,985.1169817906718
7838,354.26170108135574
7856,318.18241869582255
7884,669.1742287681526
7888,247.17098133978845
7939,540.8840790369567
7989,512.938259961581
8065,1045.2645360568836
8108,313.0296561361472
8126,330.88244786627195
8182,716.993626716335
8189,1390.8913655014426
8199,395.4285958231753
8200,240.45128200039477
8204,341.49799797460946
8280,470.9226176328841
8319,572.6964689399219
8358,378.4221894403744
8446,498.82426185530255
8465,435.6030174947158
8490,486.53464523861754
8516,443.07993161084227
8562,346.133475441194
8578,908.9572459376645
8610,483.31192324781904
8647,664.8282804064584
8761,885.151207395588
8799,911.449976642378
8841,578.1982960204743
8937,607.2047499761061
8948,364.2589654879488
8950,299.2108834253796
8955,676.8805081508988
9098,196.0750753931224
9216,771.7339817282966
9306,510.1392264534245
9444,765.5231840839363
9489,764.3215680973453
9539,892.7073214627836
9606,618.8229011914083
9628,632.8743158774267
9762,1077.8184945236485
9842,433.9293252150283
9893,521.5502429415038
9951,272.0635072788194
10052,614.5568984223347
10195,491.0373979671075
10280,974.8343219019708
10339,184.06232834849328
10532,629.3282263317178
10634,379.72972135107074
10712,438.6287610559781
10723,650.1354621668878
10820,637.2102054630434
10864,897.6897170211566
10913,569.9105873321041
10983,833.9886796330732
11147,462.30137869436606
11211,280.8069038757363
11275,357.22645067996615
11365,423.33814910456385
11380,841.778479841752
11410,615.5228791772504
11463,749.9214167737168
11468,339.02505586219945
11612,1002.883411364789
11735,730.5457249686423
11736,672.0888293063892
11913,215.83978257504708
12249,681.7756906948765
12275,325.0124103570106
12283,351.2372325744766
12300,794.30602425716
12448,535.5542249792826
12504,1005.509000425981
12545,641.6638954947238
12559,682.8849672064134
12662,637.3587806515442
12851,788.5354203155673
13115,629.4706719792797
13156,345.16615164095265
13162,825.6761431836337
13288,486.466949283974
13369,938.758902168088
13413,394.58533908292236
13457,974.4336359989779
13515,337.13302903731943
13593,311.15460660613405
13610,962.5114557394132
13720,826.636501562771
13751,243.3208490540862
13884,567.3721984149423
13921,789.6688720356598
14033,388.7994279237085
14077,230.45696065977882
14152,423.35045398830596
14178,775.5234315306755
14254,871.8927038123904
14310,927.033926261845
14376,789.7023265915012
14459,438.4586662740213
14564,631.7588823050733
14821,200.3283668720786
14844,598.4607294496204
15156,1289.0239693704143
15169,577.4806330284393
15170,560.4220338845437
15290,864.8267399484996
15382,239.54461561692813
15391,417.97763712244296
15418,656.2996610956743
15455,756.1108368709517
15569,966.7156633009375
15596,882.8645361303915
15677,802.8320615585976
15685,803.8326322172699
15732,579.4718129047103
15749,454.90483762310976
15774,690.3862946478125
15874,608.0848796540489
15912,637.8618496198496
16002,569.1104448949725
16036,817.4073233080205
16038,495.22301470391363
16278,334.9386816773715
16288,292.0349979613219
16335,164.65042973453438
16449,751.4162401092233
16465,254.63383932659082
16477,427.87495359237624
16510,552.0882641526157
16543,602.7147613198816
16612,160.41325674792725
16625,1100.1852291169407
16688,640.5497624429992
16857,655.1814609367352
16996,137.74931816090023
17064,605.1227066952355
17130,723.3337964923767
17171,441.6605421734969
17202,684.8967976666692
17239,637.6587201532891
17383,946.6278082587456
17436,1057.6935978356946
17462,450.1960166896881
17528,604.2169338984152
17550,800.0200899712781
17578,692.4110576006123
17635,1133.2714503215334
17640,787.4713493711656
17671,952.1502566417455
17717,264.0603522681579
17723,476.91031016060117
17735,860.1007723228167
17858,568.6964811019104
17861,570.402696334182
18101,764.1190612206278
18175,934.2070034109621
18191,1323.5651925709733
18410,688.026280725886
18454,980.5049805094532
18470,370.1167132425178
18505,578.9170197823931
18535,726.5429038649909
18573,695.3588060321114
18588,206.77800931161846
18590,925.5189677878593
18593,621.7059208596851
18645,699.455418431018
18662,495.9861131424275
18682,1134.6360595975045
18723,901.1866011265205
18735,165.13559800006752
18781,835.379500406134
18822,761.6715197452941
18847,245.85260437792107
18998,802.6996333182872
19070,1112.7498723240492
19160,360.845955811432
19192,305.51520108203204
19197,524.3967152410652
19204,340.93842950566034
19221,918.2432613524387
19253,1243.5040154149651
19263,600.2823765827443
19276,585.6308359117527
19413,414.5731913294908
19414,740.8175686789865
19461,221.690555896245
19469,735.8922642287241
19548,825.7081312124656
19608,294.453378792568
19632,852.8205425036898
19642,599.2256731417906
19649,842.799463056587
19707,579.4792046715353
19808,686.7440176245166
19910,939.3616486654857
19985,707.4116748806741
19999,621.6088495102924
20021,564.5068182372943
20159,628.3738996789376
20248,629.8857612611849
20310,831.2995753066566
20312,481.3817469501365
20324,397.17335820952746
20434,922.5245020838811
20465,622.2986108691136
20552,690.3132751849166
20605,669.1440534205808
20615,626.4808635754819
20618,990.6867116766284
20624,201.36432980091706
20791,1323.4462100297442
20798,1128.7726862092352
20836,990.7755423002093
20871,756.4202802723145
21011,419.8988341005344
21099,1179.594194800758
21153,275.05587800717524
21169,491.947277503873
21382,201.72251290779803
21446,154.72935883762636
21454,378.56210938573304
21540,795.553645952825
21545,503.03257963897767
21579,1206.786601492152
21593,839.5287383986941
21618,679.6893737547298
21621,745.4736624893845
21720,571.3112767019277
21769,616.4001140541831
21818,870.6983850030872
21830,666.5392462125823
21927,408.81124280521226
21960,586.7821280070729
21977,375.8034638975124
22053,190.51134891258175
22103,1153.7823432735572
22107,533.2601729123307
22118,524.222001976571
22168,283.02395624886725
22206,758.4093762105903
22378,730.4989738137529
22412,814.8088124853549
22572,1006.5128494301906
22599,1168.3700334212122
22657,628.9781155679984
22679,349.4032675408676
22681,303.20113144591056
22771,252.88733834794937
22822,761.6586980905871
22865,186.1150447483037
22886,1256.8083940402926
22928,1080.6691263192968
23003,426.9463720672654
23012,394.08105174851346
23018,1092.114510268628
23078,411.7238747037561
23164,421.81775497716563
23225,1067.2867197587716
23237,709.9331520110516
23357,294.5040437712707
23358,824.0841762026071
23395,210.9717946523861
23404,223.38769144691778
23444,397.651462037032
23477,970.6147413511505
23528,832.8726946767775
23531,373.10502849439877
23731,343.2953761287192
23811,569.8876943305519
23911,436.9631247582781
24081,932.6393426805312
24143,729.302970496886
24173,427.1094037540978
24247,374.8101594650543
24260,811.6904743524025
24266,769.9703139017356
24267,614.5504567813721
24349,732.9420976660658
24505,766.1182223368282
24532,360.7322725062588
24538,1405.3145700307664
24552,311.9079528411349
24587,645.908274225061
24633,907.2126948124289
24639,634.0492772869627
24672,622.7129369772309
24861,509.9350658817936
24873,525.1458281212414
24880,749.2690800743585
24919,676.1782037352443
24928,838.3578348235197
25034,528.7118020441648
25046,661.3884705776004
25083,409.06612428883443
25130,666.1574193414326
25296,285.30679403114345
25331,292.2187165176589
25351,1146.8733843512514
25405,218.42432217326606
25426,381.23563769356235
25430,283.9840496840017
25476,802.9123523023943
25482,390.43027869399873
25513,760.8461859954843
25720,451.2838111508264
25739,488.3837272720064
25757,282.2809954878927
25856,775.5940638216164
25875,544.6242577007432
25997,541.9974843102075
26008,560.2272583379677
26121,304.74212367995005
26192,360.300033997165
26394,376.1236231796122
26427,544.3067767518608
26645,409.0666332150502
26896,729.5226049723103
26923,772.0990445269057
26948,426.94889009751876
27003,603.5401361656554
27029,543.0624221715304
27094,782.9985299304748
27172,853.0725993558752
27193,579.5895327173088
27230,246.1401386991359
27242,778.5936593022052
27338,891.1483103272905
27347,646.8743934936664
27402,654.1351240932363
27602,352.71672836875825
27608,871.987226910109
27665,389.3731593829946
27685,132.42804466466666
27742,211.85831191771183
27833,354.05291033531273
27918,182.44104997557284
27957,625.4855811961354
27986,633.1199548671641
28007,582.7250345583868
28010,911.797928240388
28072,844.6121551814838
28128,979.2485848204321
28153,288.8427578936338
28171,477.3933550148008
28177,1121.5234048059767
28208,358.02375858135383
28239,889.8338000787055
28275,419.2997459396872
28416,537.0946298783533
28493,409.11130324846215
28516,189.2594544761372
28577,704.2130301256727
28619,740.8999447851307
28694,352.8506282787399
28770,891.7875371435985
28809,840.3579372974913
28850,342.43332305582686
28946,419.71407930431786
29009,165.47329310622035
29084,415.08314323920877
29098,864.2890187803341
29169,738.3741574811656
29271,619.8144690613591
29284,1314.5592402598456
29285,888.7164641503655
29298,482.6074068811503
29476,982.3129779981764
29504,834.2604733060858
29674,698.3318619120865
29675,564.3830478698975
29743,535.0313126012908
29774,484.0673288684387
29814,520.647010731025
29822,427.07425710339237
29828,1096.9765949608611
29961,465.7191486287507
29976,396.7114918165988
30098,901.2921292310143
30300,555.1596455750905
30482,777.4715855147181
30498,424.648850902586
30500,363.9508252580962
30503,286.3359592406749
30546,1111.904107616195
30633,1201.1502172625867
30679,653.8705354385589
30745,483.6065254600649
30777,1190.985177590087
30883,647.655857640076
30907,536.7382179656738
30913,730.3371704665142
30935,460.01183039546163
31011,605.9908127573592
31040,745.643767946641
31194,623.461425472956
31294,910.3671575548036
31313,422.47370432885236
31363,314.89990862106293
31420,718.1321883448215
31435,1075.0587089444896
31453,750.8177780917893
31479,554.5680062247576
31746,785.2939495202604
31791,688.2840593760434
31794,532.3562113057727
31808,254.37821346098877
31954,765.8587176813206
32082,429.71544480776095
32086,434.58513903170274
32102,673.8027447533024
32171,400.4534978896254
32282,630.1959278397715
32323,767.5990571283767
32394,570.9633090526929
32525,864.8357095592544
32588,542.0644995985722
32636,731.9455975069096
32736,373.09881621538636
32812,1334.9824804682303
32920,1040.874835104376
32958,758.0053440193826
33016,601.7807178438305
33086,890.4164822500859
33138,473.9320474708414
33144,833.9805634959602
33300,532.8033488751817
33435,244.52065521132124
33560,841.5089867530075
33605,509.9288862750809
33736,834.7967373242392
33746,790.2826324250336
33868,274.0521617606752
33873,806.9109577551059
33972,511.9364199537035
33980,716.1340259703032
34000,878.9502250053176
34085,635.6028869540138
34122,272.26262811579943
34143,580.5020778808197
34284,638.1624135140304
34340,670.7763952714405
34455,343.47443759993064
34465,286.5846812451459
34471,708.0120987720361
34483,1126.9337319161734
34652,915.0743864571306
34655,1272.9623320246199
34796,424.71023898454257
34804,628.3759920607024
34958,187.9932992125975
35020,241.38624030501828
35021,435.2475644868109
35110,1100.0613157364999
35118,646.836537514381
35128,452.87767453834437
35227,696.7406110787256
35307,353.5326056058096
35512,947.879500283587
35514,452.31483379180804
35544,559.511971649617
35660,259.1067965932495
35682,1400.5976844112959
35685,211.02679461145706
35695,435.30112368811797
35966,629.5713240127141
35973,903.779184974411
35978,652.5917282050593
18,734.4987702795038
19,153.3498326256794
33,376.6413147201727
62,614.069126810751
114,231.86765594936048
146,700.6107830706737
156,175.9537630780119
163,207.33321725347037
164,418.91417955156453
179,334.2896636952181
186,878.1880518320636
215,741.7534432883275
225,146.01626112010496
227,824.834736487096
247,192.07028351124663
275,676.3083328899091
311,618.3442303085553
399,402.48203251810526
421,229.12033868633787
432,282.43442161221066
442,190.94311927790403
459,199.08779658468035
492,280.6470484530771
507,905.2589680678741
631,820.3507879679423
707,117.30809607357965
723,828.369033494535
1003,281.9083701105923
1065,388.6038727019928
1136,779.9643509606326
1187,739.1707009328256
1202,265.6632581711375
1216,695.4400509019233
1263,745.1335795591043
1279,775.3549737944813
1293,293.3545914187596
1306,270.89160615194487
1314,846.6403182010883
1323,677.5983869220015
1364,769.1392865138737
1384,182.39971872559346
1406,261.6464800184891
1408,670.7650740114987
1425,177.1390040157505
1476,492.25096666853983
1508,409.8110660940155
1534,671.8160236426912
1542,494.6394036456355
1565,226.04393670975207
1582,264.61453692101327
1620,846.6739473675755
1650,203.76244916961804
1729,719.5812445453716
1748,479.9002920762324
1892,629.1422984160442
2075,764.8044661603057
2081,377.92300295126927
2226,390.28031002788623
2276,148.9286150465237
2288,142.1032098983257
2381,700.7828185630012
2434,284.7936030813469
2440,609.0852766397063
2476,701.7724966902599
2513,135.9955031857269
2528,407.83664039174533
2644,158.75155195777225
2669,590.2052962402144
2724,303.81013706619086
2740,733.4944996735599
2766,438.9627815894613
2807,303.26268832605473
2869,80.9537832820577
2874,796.8778796266959
2949,271.7754341642614
3028,710.8663200179083
3079,134.40883734788218
3110,449.5600502066867
3232,282.44331109564246
3252,675.5786574469063
3301,185.04914434304084
3357,123.90394393520492
3419,697.5064361049168
3449,599.3630672236939
3665,294.05233228954444
3747,545.5088619082923
3769,834.5343410996056
3770,274.24512304428214
3864,678.2651111459423
3895,713.7718856089427
4033,307.07021355171855
4034,272.7445588945414
4063,630.1917681459239
4099,386.1819267508631
4192,656.5811418622819
4195,490.7976529641104
4294,907.9920040065359
4396,875.8502809519351
4462,346.2936526363069
4585,653.5849692564035
4592,97.39205981359164
4593,625.6046745568941
4625,96.53414600708192
4673,605.4942196062141
4682,104.372195427174
4693,541.2670776090705
4724,238.4087440476003
4790,711.0299776208713
4997,372.94487858256025
5066,77.18092617377064
5100,609.9762719802214
5142,592.9201187824269
5143,876.9230747761005
5225,493.1161918311569
5236,322.5672501742544
5271,767.7215834094843
5314,746.1758030410393
5332,804.7032302100381
5361,576.7463406032347
5380,63.731396291623795
5383,195.48325563524378
5461,295.07211481746526
5489,655.8902982545482
5496,631.6932107924081
5520,694.5328492608936
5568,312.4636395568531
5588,646.5626688821491
5620,107.15114300846629
5681,154.64695095692582
5692,185.86898780646266
5704,693.99735221722
5740,162.78364741477006
5747,424.7614555467454
5856,822.5667927977139
5913,582.1025698417977
5970,265.3703015809954
6109,472.733250689664
6163,747.8774420602408
6244,461.3884104467642
6254,201.30183018974154
6516,183.18518531567764
6520,863.8881815692401
6544,230.7774106152038
6658,440.7718025018815
6668,423.16535086026613
6770,406.76964486744475
6821,426.9976900224698
6822,789.5878458834849
6853,685.9486545296616
7133,622.1404000400051
7279,372.70393334272455
7318,342.9269273416449
7384,356.7858337113239
7418,138.00985494650726
7448,725.8177918426413
7506,58.46476790355477
7581,111.39003006531546
7629,178.0384784384238
7683,380.3538310399776
7693,810.3960148856218
7778,222.777385094544
7838,475.47646146130285
7856,148.68872412742058
7884,645.5999404101599
7888,747.9463980804949
7939,258.11508698837247
7989,681.4723485406678
8065,677.7887223054565
8108,760.4665440325875
8126,833.1093076651625
8182,604.7719221134953
8189,234.29816107461505
8199,279.4236369161981
8200,737.9911890317198
8204,201.4183197076198
8280,892.4595385727443
8319,458.99872085833965
8358,75.51959939692202
8446,656.4942941406292
8465,355.1889448111967
8490,637.0864972884289
8516,255.17588793255385
8562,692.424024063723
8578,147.8947479382038
8610,302.6228458601206
8647,670.9029256298995
8761,114.59611653284412
8799,361.4152593977918
8841,446.77967696304654
8937,144.9892608787325
8948,850.8082902199712
8950,822.866784581779
8955,171.86615344793077
9098,669.3288893780742
9216,92.66046159241674
9306,239.9212881504149
9444,237.92400865879577
9489,498.2177950373954
9539,350.08400241531615
9606,276.5078072953879
9628,181.04699266976473
9762,196.1839097952806
9842,597.5150263133701
9893,75.44630043747395
9951,766.1114958484058
10052,775.6789432352064
10195,128.4501567642719
10280,615.0044657714382
10339,653.9845291896314
10532,831.8291511709901
10634,413.04022021516016
10712,765.9576453982656
10723,876.7610339966627
10820,71.8331990183692
10864,453.8484729545026
10913,129.83207702808755
10983,279.8485559466911
11147,880.7918653934441
11211,840.6723103817233
11275,376.93544020809736
11365,640.4877682079289
11380,418.1183038597752
11410,700.7749221000489
11463,423.7477064252655
11468,153.50406983115272
11612,606.845882497011
11735,116.89785737355629
11736,459.25620428275136
11913,803.1560874806938
12249,755.5500137892352
12275,156.6010647987007
12283,706.4440675458552
12300,835.6457524073423
12448,781.6567667777431
12504,690.0399961516566
12545,187.91282639252245
12559,176.80884074352238
12662,340.691047953925
12851,269.99167999286846
13115,876.498287879827
13156,378.8671457817104
13162,771.0714038040617
13288,202.6648496483983
13369,380.33541725909515
13413,382.3361661257903
13457,395.63779313998396
13515,838.0553714926068
13593,611.4819960732398
13610,837.9507747721716
13720,595.4680061176306
13751,491.7217183653353
13884,468.4310379120834
13921,532.9388903703122
14033,196.8978828171712
14077,795.5350589490994
14152,525.0995450340404
14178,218.07157198263374
14254,268.58775283582827
14310,446.94261617188795
14376,190.58688222935402
14459,565.7938251404516
14564,248.66014661324024
14821,580.0262552401301
14844,691.4192444836468
15156,276.03115771785053
15169,691.0496269357927
15170,305.59071528100174
15290,122.30894748707718
15382,661.566591804013
15391,622.863614873416
15418,580.7289737383321
15455,906.6767484017773
15569,73.94299815998258
15596,504.67596817748586
15677,261.3519186164242
15685,800.6363149892766
15732,550.4977169532098
15749,699.5720793790383
15774,316.41041222913583
15874,328.56681465100803
15912,91.44638410997483
16002,772.849988339825
16036,119.76494383992195
16038,435.03911467361604
16278,530.2315994689551
16288,822.9738466060892
16335,802.7273229415346
16449,380.551765040518
16465,737.6648901214812
16477,282.9571558765229
16510,295.38241129170535
16543,564.9114674783907
16612,746.4984263774377
16625,380.2309356911082
16688,705.6766131419927
16857,105.31590087032069
16996,643.5213791259225
17064,129.34445547095936
17130,173.1033803693908
17171,909.9893858193637
17202,223.50548893298804
17239,407.06696787668164
17383,204.99501282935276
17436,264.887153068809
17462,724.1570308772301
17528,374.7138495358104
17550,598.9241394403531
17578,208.73447713603252
17635,545.5067280288835
17640,352.2917151688855
17671,486.9551642974191
17717,439.8578383654583
17723,73.59285291793122
17735,259.65602050147004
17858,719.9748580007545
17861,839.8891410843787
18101,742.534542745036
18175,182.86601589746041
18191,157.77946901971848
18410,228.37478552707162
18454,263.9201963561787
18470,865.4043935256259
18505,121.32708792199139
18535,721.620138277367
18573,297.4907135821317
18588,597.9167838008213
18590,108.51319903231025
18593,274.5003908292737
18645,272.60822575859464
18662,275.47518395711
18682,223.97482769990805
18723,158.27569501236678
18735,843.8357971530565
18781,285.7482314522704
18822,731.0033436121678
18847,512.2719322875291
18998,118.81896188159018
19070,665.651438068897
19160,651.2690097110526
19192,460.85963098566714
19197,388.3460951825953
19204,733.7028854621717
19221,420.0558346737373
19253,296.2447356459774
19263,308.5897299799435
19276,227.08442408255834
19413,171.6146094471143
19414,704.362659022685
19461,837.3627285318483
19469,395.9908394527442
19548,509.18307230799104
19608,627.0859692046995
19632,925.3299321063953
19642,261.48918877935654
19649,105.05536657661976
19707,193.42554116068345
19808,853.4135810871865
19910,448.4659155480511
19985,141.59752311786073
19999,587.360463578833
20021,493.68686326115517
20159,737.7303593127433
20248,201.60741080583574
20310,235.66591424368434
20312,438.15817357544836
20324,453.8942641820422
20434,233.20244289709626
20465,390.13116051063184
20552,442.7690188883537
20605,122.93747918317848
20615,567.8528669807064
20618,340.4122751376436
20624,714.0693108532407
20791,336.05885281289346
20798,398.09066643757035
20836,306.1364566341473
20871,628.7630037187757
21011,335.70406104425774
21099,302.27787934046626
21153,726.0276455245147
21169,276.23482150946126
21382,748.909842006617
21446,781.2156593900776
21454,850.3818719392834
21540,804.8363341996386
21545,736.6551991154906
21579,191.14211305730737
21593,326.04340285412763
21618,183.28755368046515
21621,457.6020372009925
21720,150.50497355060534
21769,729.7241515108991
21818,209.58601743106502
21830,165.01586891245177
21927,743.8837077442713
21960,699.3906278144938
21977,93.43543043609233
22053,747.1391380689136
22103,418.646397758136
22107,214.8943209469698
22118,739.1530582606711
22168,670.5499724982537
22206,707.6588262221688
22378,780.1254604605682
22412,618.8189043392966
22572,210.7041987522559
22599,436.99117224987015
22657,804.6410058609559
22679,712.3413512192617
22681,530.8434160578206
22771,751.4382384225236
22822,372.98307187383335
22865,814.4422923706893
22886,377.0178014425586
22928,755.8747443564948
23003,149.9878571224009
23012,504.7861875226656
23018,228.0403484339307
23078,394.5466844559739
23164,274.85653146976733
23225,265.977890272102
23237,263.89057017989603
23357,373.1994418643064
23358,489.75055072566454
23395,754.3651419553735
23404,741.6066115372932
23444,422.79194525316484
23477,192.32653122896957
23528,529.3545200514607
23531,711.7206258676127
23731,169.75532014593597
23811,777.6867650395977
23911,301.2499023139522
24081,267.0855622937738
24143,532.6264084921818
24173,627.9127965273916
24247,759.3583593627527
24260,171.2194568317411
24266,285.9559013215785
24267,136.52157805566867
24349,359.5294304188959
24505,777.6272260315716
24532,210.92271801625682
24538,210.73048793750863
24552,459.70600709819786
24587,220.46935595781963
24633,804.9623685718755
24639,331.8621750213335
24672,706.4743048149362
24861,664.4142306768301
24873,741.6220579500591
24880,312.2286601363894
24919,316.4447594266569
24928,125.83084193742619
25034,753.5309521185277
25046,151.83360253262322
25083,610.8700225759219
25130,264.4619420645172
25296,733.7743284349112
25331,224.09698220226596
25351,332.5024231256604
25405,649.2998902491219
25426,657.3955666592358
25430,584.9699078529554
25476,164.75282911033648
25482,276.0093989135586
25513,219.88603851971024
25720,265.66244887957754
25739,712.3467333353232
25757,879.8501190543454
25856,657.3837588384013
25875,191.69091353543968
25997,245.9066335990999
26008,316.25874788601016
26121,450.46009370534614
26192,182.93803407204908
26394,418.2243118363581
26427,710.9507340305192
26645,793.5150205615864
26896,841.1669387118628
26923,784.0295940954824
26948,461.95500263032187
27003,398.77212372108465
27029,718.363356183292
27094,588.3091436588305
27172,100.92444045893933
27193,609.9424620391108
27230,773.1669051438716
27242,488.78556050281003
27338,756.8883239416316
27347,115.67216817871349
27402,642.5961767754051
27602,489.9133837365674
27608,165.4751735876825
27665,279.08525838587417
27685,820.0389501528314
27742,637.6516135358743
27833,791.827970009945
27918,739.0592876806684
27957,502.96639738434305
27986,229.49804446800607
28007,274.6940049803884
28010,161.7760105803221
28072,106.13911179158816
28128,750.4459512372114
28153,412.00093031817386
28171,345.50147068673425
28177,531.2764152039523
28208,288.9298019531462
28239,620.7793329892536
28275,764.9880516876156
28416,718.1115606411892
28493,528.8263786007866
28516,714.8645703318537
28577,389.25169035498607
28619,577.4462158369225
28694,616.055186656334
28770,745.6698032693173
28809,706.798712189777
28850,429.56057790773764
28946,870.3169037420773
29009,739.6103292780047
29084,208.03391115181446
29098,407.1258438512666
29169,590.4686964180465
29271,377.117517244703
29284,114.0315367909194
29285,147.67638753188183
29298,262.3238447623646
29476,420.07400529707735
29504,559.2475359538003
29674,241.50084710411
29675,348.05915848349616
29743,556.6396537022848
29774,143.45992182288515
29814,422.6818883879141
29822,609.8348095302591
29828,192.8474316512712
29961,215.51965459654627
29976,203.1309790367868
30098,330.60387078456364
30300,877.6765748593294
30482,717.2011959396038
30498,244.19709134807823
30500,179.50514471030863
30503,490.7471644893856
30546,370.0920091910738
30633,705.164342857272
30679,155.69642096450755
30745,286.17190204143975
30777,297.24308691695546
30883,656.1314719961352
30907,344.3042202016775
30913,248.37944853413092
30935,675.8029530549398
31011,745.7410645568573
31040,164.17301853852845
31194,648.5717943392556
31294,250.2417912908208
31313,408.75003639981406
31363,220.2897580842445
31420,479.45600005837207
31435,264.46060050059526
31453,213.02722927882328
31479,684.2524432951607
31746,817.9159957647861
31791,655.981738395106
31794,842.2332246875754
31808,758.1532359135987
31954,872.2283883402026
32082,241.87988667720572
32086,122.2215874038487
32102,422.9710907468812
32171,786.7305701615877
32282,145.43477760101166
32323,295.3397368237869
32394,501.0226015690935
32525,474.1117205483694
32588,667.9480352212424
32636,273.03713259246297
32736,388.0082998935803
32812,191.9468658672023
32920,281.55167899041305
32958,343.2269235091477
33016,423.9049051755702
33086,586.69707636745
33138,822.8385022896505
33144,188.18188628701677
33300,993.8158264845349
33435,807.1012820374619
33560,140.33580649669543
33605,698.9317655827089
33736,197.91997662226407
33746,483.61603364906705
33868,493.6964007706107
33873,772.5909595018148
33972,676.1105460325576
33980,178.60687440826592
34000,148.0062471761277
34085,593.4415781354357
34122,656.9471280485475
34143,548.275352593283
34284,752.5716788731497
34340,408.09999528357423
34455,462.8758478009714
34465,666.2386007216355
34471,615.4339207079195
34483,653.238532748758
34652,716.9603887331245
34655,286.8244156151408
34796,200.9829832174637
34804,244.47097757011687
34958,716.4098461561209
35020,571.1846990453586
35021,132.06073210499886
35110,671.3505345500744
35118,465.3965798585487
35128,123.33789303878477
35227,696.0240935496579
35307,268.0965368723347
35512,191.51701521360704
35514,125.04601456374115
35544,388.5005964570949
35660,470.6536224528618
35682,158.27298897473142
35685,824.7216340151535
35695,490.68925655092187
35966,863.2566480372172
35973,164.1652624620577
35978,422.37915859013884
18,1128.816914649737
19,676.3608361670725
33,631.5608559174227
62,1281.5562257604074
114,743.3421191167396
146,888.4120688920814
156,894.7098218255912
163,462.5997219415957
164,583.911270519345
179,708.4089903884601
186,1533.6732046902694
215,1070.9638692509857
225,755.228121389925
227,1412.7574713552337
247,737.5753839451168
275,921.9144753785616
311,1039.855815629188
399,1053.2586902676499
421,1049.541323050989
432,995.3370374849487
442,786.4705035598837
459,478.0864331302982
492,1229.4611120973059
507,821.3695720173564
631,1142.9130842617947
707,853.6277375636228
723,734.9512843622167
1003,776.6558800399357
1065,1080.9563253157298
1136,1293.9890059427858
1187,1153.1258901937736
1202,913.8142555167531
1216,1077.3317021857708
1263,1238.9135843654394
1279,715.756878021183
1293,696.8587279082701
1306,593.1158024470044
1314,1271.1578655787525
1323,784.3133878771779
1364,972.1366988279366
1384,530.8261059313345
1406,939.9119496345363
1408,1008.6163654796892
1425,898.6271051272249
1476,840.3706997785541
1508,1085.8650124909325
1534,976.9345745662646
1542,1145.022481168652
1565,829.6246066583147
1582,575.534524585373
1620,917.8780462042726
1650,725.1903187793176
1729,986.5120441650224
1748,778.2293920929452
1892,786.6687959722033
2075,709.7408977212979
2081,510.05370870312015
2226,1227.480017365489
2276,889.9280828121216
2288,585.837756457002
2381,899.0052024751944
2434,931.6810234142204
2440,913.8414451443965
2476,649.6038895643228
2513,602.74657469657
2528,649.1188967882558
2644,810.9530284571329
2669,901.8031822800974
2724,683.5665055090913
2740,769.9840753287004
2766,833.3132966923304
2807,1205.343849965196
2869,531.3637478965251
2874,699.9704111553705
2949,1142.5090727895324
3028,869.6558742405801
3079,437.1392114929376
3110,950.6649567977624
3232,544.8361957525184
3252,1290.4996874123922
3301,1110.9909362773028
3357,732.0280421647519
3419,1265.8067026922752
3449,1187.227421952984
3665,1047.50012754569
3747,1037.615873179527
3769,854.3282570788124
3770,805.734376543053
3864,698.5294050924341
3895,683.2695896348185
4033,788.7479469489767
4034,641.1573465368394
4063,1165.7623618445327
4099,1120.1464129170965
4192,1150.6388630995732
4195,1538.835980159913
4294,1122.2068784037315
4396,1126.5162472377458
4462,1425.3413567781017
4585,786.8751622298433
4592,928.787803416027
4593,790.0167810419507
4625,663.0189608688497
4673,677.0420556470185
4682,820.8104992302897
4693,1003.5251360916623
4724,685.576861652916
4790,908.5765256587908
4997,1578.5203094331137
5066,691.6734980234601
5100,697.3182348484222
5142,1030.4757461896766
5143,1196.4435630197945
5225,887.1764848558255
5236,853.0890003381435
5271,1032.458346102485
5314,954.1737815361383
5332,1212.407304612894
5361,636.3205020687631
5380,601.8402945131124
5383,734.7297662024174
5461,691.8466729873703
5489,660.4246969001551
5496,1092.9429909294643
5520,911.1940594573701
5568,908.8878206665389
5588,1308.1157745752976
5620,686.9858250506505
5681,637.4473456867313
5692,683.6410631440874
5704,1169.0138710815904
5740,959.3986410108974
5747,685.5085767731987
5856,808.4764129607807
5913,623.847195536975
5970,534.3477043389382
6109,1556.5636245746664
6163,905.4906598996247
6244,1165.9035544003273
6254,726.3943759900847
6516,864.2949041404482
6520,1178.780516033913
6544,785.2969707168043
6658,677.2177638111443
6668,1178.1117327435447
6770,1592.0726062725214
6821,1392.0492000433742
6822,1075.8360280549591
6853,814.6951619003064
7133,639.3259982232652
7279,737.5164252996808
7318,941.1869088786085
7384,1122.0395804661907
7418,670.7842514811327
7448,1015.0571677975151
7506,965.2599003033437
7581,529.6984482684663
7629,843.5935045270728
7683,670.6140348277982
7693,1193.4538374918816
7778,1129.9899717794638
7838,667.0922406950705
7856,410.7072327873026
7884,1113.0115656566425
7888,763.3216617971326
7939,697.9531713325882
7989,995.0039609246209
8065,1633.9943712089212
8108,865.3968196595404
8126,911.1548394463573
8182,1130.414290437851
8189,1558.0983620207926
8199,563.8723471018805
8200,762.224195731408
8204,463.7098802142374
8280,1044.7098841778516
8319,879.9195808302018
8358,428.80969500351716
8446,943.5695297156634
8465,658.7701298503139
8490,924.5244811348011
8516,603.4047904225517
8562,831.0043629989646
8578,985.7858691100212
8610,672.1565210603012
8647,1131.4748294499964
8761,945.0641316635526
8799,1156.6724706472648
8841,878.2801078702381
8937,685.5836616818456
8948,941.6929347924206
8950,859.28332702734
8955,765.4845293570701
9098,678.6709392158905
9216,807.0774901502398
9306,653.1215543586243
9444,898.0831444858734
9489,1110.622932571134
9539,1127.118691667035
9606,788.565745627842
9628,738.7051750034851
9762,1206.184148891607
9842,877.5144590881777
9893,560.8564480045013
9951,819.1541124946552
10052,1169.9530767145807
10195,562.7005493077863
10280,1404.5980740453454
10339,636.4021108043937
10532,1200.0877797333574
10634,659.5286727499322
10712,992.2167690387174
10723,1206.3594935694325
10820,671.7138549967458
10864,1218.860076714699
10913,641.8571806192974
10983,1003.1243966870401
11147,1016.7119622227283
11211,851.9603429582262
11275,605.0007474698676
11365,815.1724040988975
11380,1106.6003352168275
11410,1103.0037210486687
11463,1014.3705750285015
11468,437.132671375697
11612,1493.3984408207102
11735,782.0363699867703
11736,982.3332782503167
11913,765.7422866801371
12249,1204.844926838572
12275,424.4375612340267
12283,842.0402792211503
12300,1407.5967020282465
12448,1066.0235388573542
12504,1598.6920592071704
12545,744.7365305402016
12559,777.821975134158
12662,857.398205065308
12851,946.1702993265576
13115,1206.5628046862064
13156,603.0820113574621
13162,1415.0993802922203
13288,612.0716647570938
13369,1191.4979693000323
13413,642.9810561710551
13457,1252.9484431082792
13515,935.1705123349025
13593,719.3240047968368
13610,1601.9717933924899
13720,1239.1343856252843
13751,592.8152069168092
13884,880.2711726619643
13921,1154.3967997437603
14033,513.6332770552056
14077,784.0587229226226
14152,787.7558858268019
14178,900.4698869709366
14254,1026.8537820627835
14310,1232.331361219379
14376,895.5942484976164
14459,815.2202462809862
14564,778.986884871845
14821,608.6652784573054
14844,1015.155005542299
15156,1517.037338568997
15169,1015.4268253541899
15170,743.2652987822177
15290,924.6528253892268
15382,707.3450293967196
15391,839.0342480163969
15418,1060.2682959651236
15455,1341.0680307217694
15569,1008.582592624098
15596,1224.4829020129735
15677,948.9647150536846
15685,1359.027371825684
15732,956.3458962861056
15749,910.2309309529218
15774,878.6324885763222
15874,810.0297504152095
15912,682.3366012826657
16002,1107.6193010028312
16036,876.4388343941301
16038,779.8004685911701
16278,704.7379410244121
16288,789.3671669803073
16335,708.9074837541549
16449,994.6114815435728
16465,788.8464665495615
16477,608.1274094180048
16510,729.7635257110003
16543,982.7570723438357
16612,686.987205769925
16625,1428.9097803616612
16688,1114.7897253896408
16857,705.5867921922937
16996,561.517690892823
17064,675.3530084424854
17130,811.874887643284
17171,1036.5757464408127
17202,803.6810033656654
17239,911.0983462990065
17383,1065.0194067145057
17436,1248.3999259230063
17462,960.7508705501593
17528,844.8260972330571
17550,1220.5752564676043
17578,806.9282317609518
17635,1611.636365890664
17640,1002.1052987773437
17671,1307.9227966436106
17717,552.9690819562044
17723,525.6939250190417
17735,1012.7345621249832
17858,1062.120275213487
17861,1092.7541853431158
18101,1291.34147373636
18175,1042.1171239900639
18191,1457.1059770006655
18410,820.4029666547463
18454,1148.3991898234776
18470,993.7013588874163
18505,647.5654668262026
18535,1217.3549373845085
18573,856.0956883242034
18588,619.5669132469352
18590,978.6587124121443
18593,779.8589280449963
18645,867.0258376561015
18662,665.3695529197901
18682,1323.1198469285275
18723,988.696900877603
18735,726.2087597028527
18781,1008.6954913989844
18822,1289.3619199787408
18847,608.5844435676748
18998,852.5365427002471
19070,1665.8453407892134
19160,833.0249187147973
19192,607.5680194280962
19197,769.9131058094467
19204,857.793674929911
19221,1201.6986432793074
19253,1496.0192460350563
19263,782.6307803343141
19276,721.6778859096896
19413,519.1068308097811
19414,1243.054801394562
19461,789.211957995574
19469,991.2272003449935
19548,1173.821417078484
19608,739.3588399565978
19632,1498.7217120721534
19642,747.18246496915
19649,889.4276592082618
19707,694.3056192017452
19808,1296.5267107174532
19910,1233.2635449145002
19985,774.1829491674148
19999,975.5591373175863
20021,897.5975804584372
20159,1140.2338375586398
20248,742.1169747317407
20310,968.3815148253325
20312,773.4478226492321
20324,704.2252432935013
20434,1062.7647319672021
20465,883.8250611432998
20552,986.0432042869691
20605,729.8513456624835
20615,1021.617049105835
20618,1216.7708119459885
20624,677.309956051208
20791,1573.8856656493629
20798,1477.7776165347095
20836,1202.9301954163093
20871,1183.9857839708136
21011,637.6499941251042
21099,1445.5058821221087
21153,772.1118878149584
21169,655.3345012796001
21382,721.1600281761448
21446,649.0022290686971
21454,963.4004681851062
21540,1407.7804599363446
21545,970.8763435535486
21579,1386.3313737763528
21593,1043.685552841306
21618,775.6128444514761
21621,1048.4759649383323
21720,659.1376509224026
21769,1105.5973144457487
21818,993.1099417112392
21830,748.9986490082423
21927,933.2337935792924
21960,1059.182057785813
21977,435.1843722581181
22053,716.2274889070416
22103,1531.3964866236756
22107,664.4968806171304
22118,1054.7298989599929
22168,754.9129959951315
22206,1252.4304487135173
22378,1252.9242477414582
22412,1256.4772494937845
22572,1147.0863671234754
22599,1559.0680395575116
22657,1240.532128184465
22679,854.2993953024259
22681,674.7896083144801
22771,775.6402854549897
22822,992.085121761894
22865,733.772895778405
22886,1568.2350389059175
22928,1709.5259711220397
23003,513.4942688436458
23012,737.2183328509246
23018,1262.5928765146589
23078,663.0864505512018
23164,589.0866164775462
23225,1246.2197767574794
23237,865.9839501556401
23357,526.9471997061435
23358,1151.4764987413992
23395,736.1735597361858
23404,756.2098102940413
23444,674.762486932692
23477,1089.1691884423808
23528,1207.7289272432681
23531,896.7912623441186
23731,445.1944197080639
23811,1089.0932145254806
23911,619.3591360968281
24081,1100.6493370584642
24143,1095.9587397512994
24173,852.4388909373283
24247,877.0606265599738
24260,900.8352840049877
24266,942.7006310563788
24267,687.58104723889
24349,955.7522864761513
24505,1323.9800308726062
24532,488.32902093284804
24538,1557.69321437259
24552,629.8660053436063
24587,772.6859076010805
24633,1535.2809071535312
24639,844.7333578852176
24672,1125.846416613952
24861,980.9199965279379
24873,1046.339002767517
24880,948.2910304851587
24919,874.2034552839095
24928,898.5918415782602
25034,1003.3373025391329
25046,737.0487719676594
25083,833.8148082938028
25130,820.1924141096428
25296,769.5081228225467
25331,433.1662836492327
25351,1454.274462408086
25405,644.585947713879
25426,833.8208845500551
25430,671.8744486727225
25476,887.9195151551074
25482,562.4037692561008
25513,885.7903825275201
25720,608.3040900294715
25739,992.2058305207693
25757,812.4237736152621
25856,1234.83024442721
25875,657.4650562184256
25997,687.5913413393663
26008,760.214494232971
26121,613.6813631320374
26192,469.95943384911703
26394,642.8863780874955
26427,1052.8962769596658
26645,957.8632688234463
26896,1312.9623878925113
26923,1342.4395968369508
26948,717.6792112445175
27003,871.8040639222211
27029,1037.057970250395
27094,1187.0761093093638
27172,898.6919246915653
27193,1012.0855245946962
27230,755.6959241645349
27242,1108.5686960521075
27338,1497.703876196941
27347,703.3686313681092
27402,1100.413979865874
27602,687.2665168766824
27608,962.0431214932
27665,563.4547061232487
27685,674.7450649539653
27742,658.7529645139693
27833,901.03321311734
27918,702.4254773565249
27957,957.6844772840636
27986,767.2078953509025
28007,752.6852099624846
28010,1002.3096141594021
28072,891.3456509530117
28128,1594.9591298656114
28153,556.5970664874071
28171,705.5060775271477
28177,1588.3748082896
28208,551.4600246349883
28239,1333.3830971632558
28275,947.3578106180601
28416,1047.5077679458254
28493,763.6676270023673
28516,674.4687263354712
28577,950.097227949804
28619,1158.5506774883283
28694,768.7973822143449
28770,1494.3965478521459
28809,1392.4396885912743
28850,620.8493270513358
28946,1002.5000249841562
29009,679.3040147473062
29084,540.4265403689775
29098,1129.2421173900839
29169,1167.054808900208
29271,843.3724513685736
29284,1423.745266230399
29285,962.9608711207005
29298,638.3524522307913
29476,1281.0513936766731
29504,1238.9563922298275
29674,835.7731738729701
29675,783.1978867633698
29743,925.7775206613458
29774,568.4741780791103
29814,798.9901731355583
29822,869.5322269539212
29828,1227.675029157236
29961,597.7625784373353
29976,507.80124483265314
30098,1114.6551653587378
30300,1122.3428307996726
30482,1297.947538575469
30498,575.1514797666505
30500,464.225234281977
30503,626.7015469989864
30546,1428.119410351479
30633,1748.942452171302
30679,738.4892079275992
30745,662.0330909954922
30777,1442.0202144880486
30883,1109.6725749595516
30907,740.7893054480057
30913,880.8294451051759
30935,926.5829287862792
31011,1118.44486580768
31040,823.7645606082093
31194,1082.8779309302925
31294,1066.2170168014177
31313,695.8992280212725
31363,444.9588217507238
31420,1042.5607921655915
31435,1263.8680701215617
31453,877.4953956883027
31479,1050.8109641981541
31746,1391.6625390320173
31791,1102.0156928929605
31794,1088.4541285493378
31808,791.4268778426705
31954,1283.6850123790457
32082,577.5901001551108
32086,506.5574273343726
32102,935.2904132657023
32171,900.018498916369
32282,700.698453207734
32323,938.9324324381436
32394,906.7946667127544
32525,1195.3007718961178
32588,1008.7923210866261
32636,894.0270224643655
32736,634.9999271425432
32812,1498.1469266448707
32920,1237.0381053045596
32958,968.5029587280527
33016,889.4216520855528
33086,1314.9911417903327
33138,1041.733310314057
33144,939.1011010851821
33300,1080.356559466131
33435,821.9473997908816
33560,910.2017580078231
33605,949.5276204257269
33736,942.8609417688832
33746,1117.4475684566073
33868,599.4238587512534
33873,1375.8335019342553
33972,990.8828191644051
33980,810.1106360276312
34000,954.2095233985128
34085,998.0015601101785
34122,704.23036721218
34143,959.0832837473372
34284,1169.0945868076599
34340,927.7919486056505
34455,657.5045318045763
34465,760.8047879446026
34471,1142.655006643553
34483,1671.1134643674359
34652,1489.052894312265
34655,1514.715051021798
34796,548.0739600303491
34804,767.2429597332084
34958,660.6242925006519
35020,637.2370737994397
35021,506.85391868296364
35110,1610.4925800872743
35118,959.626778021659
35128,522.9644595526809
35227,1198.4018935295726
35307,535.3555467161618
35512,1070.2839520923164
35514,523.2660140890121
35544,809.8597741005424
35660,584.8826231453438
35682,1521.6325509145645
35685,764.9471566776656
35695,754.2828752906466
35966,1199.283399966101
35973,988.4949516543684
35978,929.7582317289587
